Date,Event
2021-01-01,New Year's Day
2021-01-01,Winter Sale
2021-01-02,Winter Sale
2021-01-03,Winter Sale
2021-01-04,Winter Sale
2021-01-05,Winter Sale
2021-01-06,Winter Sale
2021-01-07,Winter Sale
2021-01-02,New Year's Day
2021-01-02,Winter Sale
2021-01-03,Winter Sale
2021-01-04,Winter Sale
2021-01-05,Winter Sale
2021-01-06,Winter Sale
2021-01-07,Winter Sale
2021-01-08,Winter Sale
2021-01-03,New Year's Day
2021-01-03,Winter Sale
2021-01-04,Winter Sale
2021-01-05,Winter Sale
2021-01-06,Winter Sale
2021-01-07,Winter Sale
2021-01-08,Winter Sale
2021-01-09,Winter Sale
2021-01-04,New Year's Day
2021-01-04,Winter Sale
2021-01-05,Winter Sale
2021-01-06,Winter Sale
2021-01-07,Winter Sale
2021-01-08,Winter Sale
2021-01-09,Winter Sale
2021-01-10,Winter Sale
2021-01-05,New Year's Day
2021-01-05,Winter Sale
2021-01-06,Winter Sale
2021-01-07,Winter Sale
2021-01-08,Winter Sale
2021-01-09,Winter Sale
2021-01-10,Winter Sale
2021-01-11,Winter Sale
2021-01-06,New Year's Day
2021-01-06,Winter Sale
2021-01-07,Winter Sale
2021-01-08,Winter Sale
2021-01-09,Winter Sale
2021-01-10,Winter Sale
2021-01-11,Winter Sale
2021-01-12,Winter Sale
2021-01-07,New Year's Day
2021-01-07,Winter Sale
2021-01-08,Winter Sale
2021-01-09,Winter Sale
2021-01-10,Winter Sale
2021-01-11,Winter Sale
2021-01-12,Winter Sale
2021-01-13,Winter Sale
2021-01-08,New Year's Day
2021-01-08,Winter Sale
2021-01-09,Winter Sale
2021-01-10,Winter Sale
2021-01-11,Winter Sale
2021-01-12,Winter Sale
2021-01-13,Winter Sale
2021-01-14,Winter Sale
2021-01-09,New Year's Day
2021-01-09,Winter Sale
2021-01-10,Winter Sale
2021-01-11,Winter Sale
2021-01-12,Winter Sale
2021-01-13,Winter Sale
2021-01-14,Winter Sale
2021-01-15,Winter Sale
2021-01-10,New Year's Day
2021-01-10,Winter Sale
2021-01-11,Winter Sale
2021-01-12,Winter Sale
2021-01-13,Winter Sale
2021-01-14,Winter Sale
2021-01-15,Winter Sale
2021-01-16,Winter Sale
2021-01-11,New Year's Day
2021-01-11,Winter Sale
2021-01-12,Winter Sale
2021-01-13,Winter Sale
2021-01-14,Winter Sale
2021-01-15,Winter Sale
2021-01-16,Winter Sale
2021-01-17,Winter Sale
2021-01-12,New Year's Day
2021-01-12,Winter Sale
2021-01-13,Winter Sale
2021-01-14,Winter Sale
2021-01-15,Winter Sale
2021-01-16,Winter Sale
2021-01-17,Winter Sale
2021-01-18,Winter Sale
2021-01-13,New Year's Day
2021-01-13,Winter Sale
2021-01-14,Winter Sale
2021-01-15,Winter Sale
2021-01-16,Winter Sale
2021-01-17,Winter Sale
2021-01-18,Winter Sale
2021-01-19,Winter Sale
2021-01-14,New Year's Day
2021-01-14,Winter Sale
2021-01-15,Winter Sale
2021-01-16,Winter Sale
2021-01-17,Winter Sale
2021-01-18,Winter Sale
2021-01-19,Winter Sale
2021-01-20,Winter Sale
2021-01-15,New Year's Day
2021-01-15,Winter Sale
2021-01-16,Winter Sale
2021-01-17,Winter Sale
2021-01-18,Winter Sale
2021-01-19,Winter Sale
2021-01-20,Winter Sale
2021-01-21,Winter Sale
2021-01-16,New Year's Day
2021-01-16,Winter Sale
2021-01-17,Winter Sale
2021-01-18,Winter Sale
2021-01-19,Winter Sale
2021-01-20,Winter Sale
2021-01-21,Winter Sale
2021-01-22,Winter Sale
2021-01-17,New Year's Day
2021-01-17,Winter Sale
2021-01-18,Winter Sale
2021-01-19,Winter Sale
2021-01-20,Winter Sale
2021-01-21,Winter Sale
2021-01-22,Winter Sale
2021-01-23,Winter Sale
2021-01-18,New Year's Day
2021-01-18,Winter Sale
2021-01-19,Winter Sale
2021-01-20,Winter Sale
2021-01-21,Winter Sale
2021-01-22,Winter Sale
2021-01-23,Winter Sale
2021-01-24,Winter Sale
2021-01-19,New Year's Day
2021-01-19,Winter Sale
2021-01-20,Winter Sale
2021-01-21,Winter Sale
2021-01-22,Winter Sale
2021-01-23,Winter Sale
2021-01-24,Winter Sale
2021-01-25,Winter Sale
2021-01-20,New Year's Day
2021-01-20,Winter Sale
2021-01-21,Winter Sale
2021-01-22,Winter Sale
2021-01-23,Winter Sale
2021-01-24,Winter Sale
2021-01-25,Winter Sale
2021-01-26,Winter Sale
2021-01-21,New Year's Day
2021-01-21,Winter Sale
2021-01-22,Winter Sale
2021-01-23,Winter Sale
2021-01-24,Winter Sale
2021-01-25,Winter Sale
2021-01-26,Winter Sale
2021-01-27,Winter Sale
2021-01-22,New Year's Day
2021-01-22,Winter Sale
2021-01-23,Winter Sale
2021-01-24,Winter Sale
2021-01-25,Winter Sale
2021-01-26,Winter Sale
2021-01-27,Winter Sale
2021-01-28,Winter Sale
2021-01-23,New Year's Day
2021-01-23,Winter Sale
2021-01-24,Winter Sale
2021-01-25,Winter Sale
2021-01-26,Winter Sale
2021-01-27,Winter Sale
2021-01-28,Winter Sale
2021-01-29,Winter Sale
2021-01-24,New Year's Day
2021-01-24,Winter Sale
2021-01-25,Winter Sale
2021-01-26,Winter Sale
2021-01-27,Winter Sale
2021-01-28,Winter Sale
2021-01-29,Winter Sale
2021-01-30,Winter Sale
2021-01-25,New Year's Day
2021-01-25,Winter Sale
2021-01-26,Winter Sale
2021-01-27,Winter Sale
2021-01-28,Winter Sale
2021-01-29,Winter Sale
2021-01-30,Winter Sale
2021-01-31,Winter Sale
2021-01-26,New Year's Day
2021-01-26,Winter Sale
2021-01-27,Winter Sale
2021-01-28,Winter Sale
2021-01-29,Winter Sale
2021-01-30,Winter Sale
2021-01-31,Winter Sale
2021-02-01,Winter Sale
2021-01-27,New Year's Day
2021-01-27,Winter Sale
2021-01-28,Winter Sale
2021-01-29,Winter Sale
2021-01-30,Winter Sale
2021-01-31,Winter Sale
2021-02-01,Winter Sale
2021-02-02,Winter Sale
2021-01-28,New Year's Day
2021-01-28,Winter Sale
2021-01-29,Winter Sale
2021-01-30,Winter Sale
2021-01-31,Winter Sale
2021-02-01,Winter Sale
2021-02-02,Winter Sale
2021-02-03,Winter Sale
2021-01-29,New Year's Day
2021-01-29,Winter Sale
2021-01-30,Winter Sale
2021-01-31,Winter Sale
2021-02-01,Winter Sale
2021-02-02,Winter Sale
2021-02-03,Winter Sale
2021-02-04,Winter Sale
2021-01-30,New Year's Day
2021-01-30,Winter Sale
2021-01-31,Winter Sale
2021-02-01,Winter Sale
2021-02-02,Winter Sale
2021-02-03,Winter Sale
2021-02-04,Winter Sale
2021-02-05,Winter Sale
2021-01-31,New Year's Day
2021-01-31,Winter Sale
2021-02-01,Winter Sale
2021-02-02,Winter Sale
2021-02-03,Winter Sale
2021-02-04,Winter Sale
2021-02-05,Winter Sale
2021-02-06,Winter Sale
2021-02-01,Valentine's Day
2021-02-01,Winter Sale
2021-02-02,Winter Sale
2021-02-03,Winter Sale
2021-02-04,Winter Sale
2021-02-05,Winter Sale
2021-02-06,Winter Sale
2021-02-07,Winter Sale
2021-02-02,Valentine's Day
2021-02-02,Winter Sale
2021-02-03,Winter Sale
2021-02-04,Winter Sale
2021-02-05,Winter Sale
2021-02-06,Winter Sale
2021-02-07,Winter Sale
2021-02-08,Winter Sale
2021-02-03,Valentine's Day
2021-02-03,Winter Sale
2021-02-04,Winter Sale
2021-02-05,Winter Sale
2021-02-06,Winter Sale
2021-02-07,Winter Sale
2021-02-08,Winter Sale
2021-02-09,Winter Sale
2021-02-04,Valentine's Day
2021-02-04,Winter Sale
2021-02-05,Winter Sale
2021-02-06,Winter Sale
2021-02-07,Winter Sale
2021-02-08,Winter Sale
2021-02-09,Winter Sale
2021-02-10,Winter Sale
2021-02-05,Valentine's Day
2021-02-05,Winter Sale
2021-02-06,Winter Sale
2021-02-07,Winter Sale
2021-02-08,Winter Sale
2021-02-09,Winter Sale
2021-02-10,Winter Sale
2021-02-11,Winter Sale
2021-02-06,Valentine's Day
2021-02-06,Winter Sale
2021-02-07,Winter Sale
2021-02-08,Winter Sale
2021-02-09,Winter Sale
2021-02-10,Winter Sale
2021-02-11,Winter Sale
2021-02-12,Winter Sale
2021-02-07,Valentine's Day
2021-02-07,Winter Sale
2021-02-08,Winter Sale
2021-02-09,Winter Sale
2021-02-10,Winter Sale
2021-02-11,Winter Sale
2021-02-12,Winter Sale
2021-02-13,Winter Sale
2021-02-08,Valentine's Day
2021-02-08,Winter Sale
2021-02-09,Winter Sale
2021-02-10,Winter Sale
2021-02-11,Winter Sale
2021-02-12,Winter Sale
2021-02-13,Winter Sale
2021-02-14,Winter Sale
2021-02-09,Valentine's Day
2021-02-09,Winter Sale
2021-02-10,Winter Sale
2021-02-11,Winter Sale
2021-02-12,Winter Sale
2021-02-13,Winter Sale
2021-02-14,Winter Sale
2021-02-15,Winter Sale
2021-02-10,Valentine's Day
2021-02-10,Winter Sale
2021-02-11,Winter Sale
2021-02-12,Winter Sale
2021-02-13,Winter Sale
2021-02-14,Winter Sale
2021-02-15,Winter Sale
2021-02-16,Winter Sale
2021-02-11,Valentine's Day
2021-02-11,Winter Sale
2021-02-12,Winter Sale
2021-02-13,Winter Sale
2021-02-14,Winter Sale
2021-02-15,Winter Sale
2021-02-16,Winter Sale
2021-02-17,Winter Sale
2021-02-12,Valentine's Day
2021-02-12,Winter Sale
2021-02-13,Winter Sale
2021-02-14,Winter Sale
2021-02-15,Winter Sale
2021-02-16,Winter Sale
2021-02-17,Winter Sale
2021-02-18,Winter Sale
2021-02-13,Valentine's Day
2021-02-13,Winter Sale
2021-02-14,Winter Sale
2021-02-15,Winter Sale
2021-02-16,Winter Sale
2021-02-17,Winter Sale
2021-02-18,Winter Sale
2021-02-19,Winter Sale
2021-02-14,Valentine's Day
2021-02-14,Winter Sale
2021-02-15,Winter Sale
2021-02-16,Winter Sale
2021-02-17,Winter Sale
2021-02-18,Winter Sale
2021-02-19,Winter Sale
2021-02-20,Winter Sale
2021-02-15,Valentine's Day
2021-02-15,Winter Sale
2021-02-16,Winter Sale
2021-02-17,Winter Sale
2021-02-18,Winter Sale
2021-02-19,Winter Sale
2021-02-20,Winter Sale
2021-02-21,Winter Sale
2021-02-16,Valentine's Day
2021-02-16,Winter Sale
2021-02-17,Winter Sale
2021-02-18,Winter Sale
2021-02-19,Winter Sale
2021-02-20,Winter Sale
2021-02-21,Winter Sale
2021-02-22,Winter Sale
2021-02-17,Valentine's Day
2021-02-17,Winter Sale
2021-02-18,Winter Sale
2021-02-19,Winter Sale
2021-02-20,Winter Sale
2021-02-21,Winter Sale
2021-02-22,Winter Sale
2021-02-23,Winter Sale
2021-02-18,Valentine's Day
2021-02-18,Winter Sale
2021-02-19,Winter Sale
2021-02-20,Winter Sale
2021-02-21,Winter Sale
2021-02-22,Winter Sale
2021-02-23,Winter Sale
2021-02-24,Winter Sale
2021-02-19,Valentine's Day
2021-02-19,Winter Sale
2021-02-20,Winter Sale
2021-02-21,Winter Sale
2021-02-22,Winter Sale
2021-02-23,Winter Sale
2021-02-24,Winter Sale
2021-02-25,Winter Sale
2021-02-20,Valentine's Day
2021-02-20,Winter Sale
2021-02-21,Winter Sale
2021-02-22,Winter Sale
2021-02-23,Winter Sale
2021-02-24,Winter Sale
2021-02-25,Winter Sale
2021-02-26,Winter Sale
2021-02-21,Valentine's Day
2021-02-21,Winter Sale
2021-02-22,Winter Sale
2021-02-23,Winter Sale
2021-02-24,Winter Sale
2021-02-25,Winter Sale
2021-02-26,Winter Sale
2021-02-27,Winter Sale
2021-02-22,Valentine's Day
2021-02-22,Winter Sale
2021-02-23,Winter Sale
2021-02-24,Winter Sale
2021-02-25,Winter Sale
2021-02-26,Winter Sale
2021-02-27,Winter Sale
2021-02-28,Winter Sale
2021-02-23,Valentine's Day
2021-02-23,Winter Sale
2021-02-24,Winter Sale
2021-02-25,Winter Sale
2021-02-26,Winter Sale
2021-02-27,Winter Sale
2021-02-28,Winter Sale
2021-03-01,Winter Sale
2021-02-24,Valentine's Day
2021-02-24,Winter Sale
2021-02-25,Winter Sale
2021-02-26,Winter Sale
2021-02-27,Winter Sale
2021-02-28,Winter Sale
2021-03-01,Winter Sale
2021-03-02,Winter Sale
2021-02-25,Valentine's Day
2021-02-25,Winter Sale
2021-02-26,Winter Sale
2021-02-27,Winter Sale
2021-02-28,Winter Sale
2021-03-01,Winter Sale
2021-03-02,Winter Sale
2021-03-03,Winter Sale
2021-02-26,Valentine's Day
2021-02-26,Winter Sale
2021-02-27,Winter Sale
2021-02-28,Winter Sale
2021-03-01,Winter Sale
2021-03-02,Winter Sale
2021-03-03,Winter Sale
2021-03-04,Winter Sale
2021-02-27,Valentine's Day
2021-02-27,Winter Sale
2021-02-28,Winter Sale
2021-03-01,Winter Sale
2021-03-02,Winter Sale
2021-03-03,Winter Sale
2021-03-04,Winter Sale
2021-03-05,Winter Sale
2021-02-28,Valentine's Day
2021-02-28,Winter Sale
2021-03-01,Winter Sale
2021-03-02,Winter Sale
2021-03-03,Winter Sale
2021-03-04,Winter Sale
2021-03-05,Winter Sale
2021-03-06,Winter Sale
2021-04-01,Easter
2021-04-02,Easter
2021-04-03,Easter
2021-04-04,Easter
2021-04-05,Easter
2021-04-06,Easter
2021-04-07,Easter
2021-04-08,Easter
2021-04-09,Easter
2021-04-10,Easter
2021-04-11,Easter
2021-04-12,Easter
2021-04-13,Easter
2021-04-14,Easter
2021-04-15,Easter
2021-04-16,Easter
2021-04-17,Easter
2021-04-18,Easter
2021-04-19,Easter
2021-04-20,Easter
2021-04-21,Easter
2021-04-22,Easter
2021-04-23,Easter
2021-04-24,Easter
2021-04-25,Easter
2021-04-26,Easter
2021-04-27,Easter
2021-04-28,Easter
2021-04-29,Easter
2021-04-30,Easter
2021-05-01,Mother's Day
2021-05-02,Mother's Day
2021-05-03,Mother's Day
2021-05-04,Mother's Day
2021-05-05,Mother's Day
2021-05-06,Mother's Day
2021-05-07,Mother's Day
2021-05-08,Mother's Day
2021-05-09,Mother's Day
2021-05-10,Mother's Day
2021-05-11,Mother's Day
2021-05-12,Mother's Day
2021-05-13,Mother's Day
2021-05-14,Mother's Day
2021-05-15,Mother's Day
2021-05-16,Mother's Day
2021-05-17,Mother's Day
2021-05-18,Mother's Day
2021-05-19,Mother's Day
2021-05-20,Mother's Day
2021-05-21,Mother's Day
2021-05-22,Mother's Day
2021-05-23,Mother's Day
2021-05-24,Mother's Day
2021-05-25,Mother's Day
2021-05-26,Mother's Day
2021-05-27,Mother's Day
2021-05-28,Mother's Day
2021-05-29,Mother's Day
2021-05-30,Mother's Day
2021-05-31,Mother's Day
2021-06-01,Father's Day
2021-06-01,Summer Sale
2021-06-02,Summer Sale
2021-06-03,Summer Sale
2021-06-04,Summer Sale
2021-06-05,Summer Sale
2021-06-06,Summer Sale
2021-06-07,Summer Sale
2021-06-02,Father's Day
2021-06-02,Summer Sale
2021-06-03,Summer Sale
2021-06-04,Summer Sale
2021-06-05,Summer Sale
2021-06-06,Summer Sale
2021-06-07,Summer Sale
2021-06-08,Summer Sale
2021-06-03,Father's Day
2021-06-03,Summer Sale
2021-06-04,Summer Sale
2021-06-05,Summer Sale
2021-06-06,Summer Sale
2021-06-07,Summer Sale
2021-06-08,Summer Sale
2021-06-09,Summer Sale
2021-06-04,Father's Day
2021-06-04,Summer Sale
2021-06-05,Summer Sale
2021-06-06,Summer Sale
2021-06-07,Summer Sale
2021-06-08,Summer Sale
2021-06-09,Summer Sale
2021-06-10,Summer Sale
2021-06-05,Father's Day
2021-06-05,Summer Sale
2021-06-06,Summer Sale
2021-06-07,Summer Sale
2021-06-08,Summer Sale
2021-06-09,Summer Sale
2021-06-10,Summer Sale
2021-06-11,Summer Sale
2021-06-06,Father's Day
2021-06-06,Summer Sale
2021-06-07,Summer Sale
2021-06-08,Summer Sale
2021-06-09,Summer Sale
2021-06-10,Summer Sale
2021-06-11,Summer Sale
2021-06-12,Summer Sale
2021-06-07,Father's Day
2021-06-07,Summer Sale
2021-06-08,Summer Sale
2021-06-09,Summer Sale
2021-06-10,Summer Sale
2021-06-11,Summer Sale
2021-06-12,Summer Sale
2021-06-13,Summer Sale
2021-06-08,Father's Day
2021-06-08,Summer Sale
2021-06-09,Summer Sale
2021-06-10,Summer Sale
2021-06-11,Summer Sale
2021-06-12,Summer Sale
2021-06-13,Summer Sale
2021-06-14,Summer Sale
2021-06-09,Father's Day
2021-06-09,Summer Sale
2021-06-10,Summer Sale
2021-06-11,Summer Sale
2021-06-12,Summer Sale
2021-06-13,Summer Sale
2021-06-14,Summer Sale
2021-06-15,Summer Sale
2021-06-10,Father's Day
2021-06-10,Summer Sale
2021-06-11,Summer Sale
2021-06-12,Summer Sale
2021-06-13,Summer Sale
2021-06-14,Summer Sale
2021-06-15,Summer Sale
2021-06-16,Summer Sale
2021-06-11,Father's Day
2021-06-11,Summer Sale
2021-06-12,Summer Sale
2021-06-13,Summer Sale
2021-06-14,Summer Sale
2021-06-15,Summer Sale
2021-06-16,Summer Sale
2021-06-17,Summer Sale
2021-06-12,Father's Day
2021-06-12,Summer Sale
2021-06-13,Summer Sale
2021-06-14,Summer Sale
2021-06-15,Summer Sale
2021-06-16,Summer Sale
2021-06-17,Summer Sale
2021-06-18,Summer Sale
2021-06-13,Father's Day
2021-06-13,Summer Sale
2021-06-14,Summer Sale
2021-06-15,Summer Sale
2021-06-16,Summer Sale
2021-06-17,Summer Sale
2021-06-18,Summer Sale
2021-06-19,Summer Sale
2021-06-14,Father's Day
2021-06-14,Summer Sale
2021-06-15,Summer Sale
2021-06-16,Summer Sale
2021-06-17,Summer Sale
2021-06-18,Summer Sale
2021-06-19,Summer Sale
2021-06-20,Summer Sale
2021-06-15,Father's Day
2021-06-15,Summer Sale
2021-06-16,Summer Sale
2021-06-17,Summer Sale
2021-06-18,Summer Sale
2021-06-19,Summer Sale
2021-06-20,Summer Sale
2021-06-21,Summer Sale
2021-06-16,Father's Day
2021-06-16,Summer Sale
2021-06-17,Summer Sale
2021-06-18,Summer Sale
2021-06-19,Summer Sale
2021-06-20,Summer Sale
2021-06-21,Summer Sale
2021-06-22,Summer Sale
2021-06-17,Father's Day
2021-06-17,Summer Sale
2021-06-18,Summer Sale
2021-06-19,Summer Sale
2021-06-20,Summer Sale
2021-06-21,Summer Sale
2021-06-22,Summer Sale
2021-06-23,Summer Sale
2021-06-18,Father's Day
2021-06-18,Summer Sale
2021-06-19,Summer Sale
2021-06-20,Summer Sale
2021-06-21,Summer Sale
2021-06-22,Summer Sale
2021-06-23,Summer Sale
2021-06-24,Summer Sale
2021-06-19,Father's Day
2021-06-19,Summer Sale
2021-06-20,Summer Sale
2021-06-21,Summer Sale
2021-06-22,Summer Sale
2021-06-23,Summer Sale
2021-06-24,Summer Sale
2021-06-25,Summer Sale
2021-06-20,Father's Day
2021-06-20,Summer Sale
2021-06-21,Summer Sale
2021-06-22,Summer Sale
2021-06-23,Summer Sale
2021-06-24,Summer Sale
2021-06-25,Summer Sale
2021-06-26,Summer Sale
2021-06-21,Father's Day
2021-06-21,Summer Sale
2021-06-22,Summer Sale
2021-06-23,Summer Sale
2021-06-24,Summer Sale
2021-06-25,Summer Sale
2021-06-26,Summer Sale
2021-06-27,Summer Sale
2021-06-22,Father's Day
2021-06-22,Summer Sale
2021-06-23,Summer Sale
2021-06-24,Summer Sale
2021-06-25,Summer Sale
2021-06-26,Summer Sale
2021-06-27,Summer Sale
2021-06-28,Summer Sale
2021-06-23,Father's Day
2021-06-23,Summer Sale
2021-06-24,Summer Sale
2021-06-25,Summer Sale
2021-06-26,Summer Sale
2021-06-27,Summer Sale
2021-06-28,Summer Sale
2021-06-29,Summer Sale
2021-06-24,Father's Day
2021-06-24,Summer Sale
2021-06-25,Summer Sale
2021-06-26,Summer Sale
2021-06-27,Summer Sale
2021-06-28,Summer Sale
2021-06-29,Summer Sale
2021-06-30,Summer Sale
2021-06-25,Father's Day
2021-06-25,Summer Sale
2021-06-26,Summer Sale
2021-06-27,Summer Sale
2021-06-28,Summer Sale
2021-06-29,Summer Sale
2021-06-30,Summer Sale
2021-07-01,Summer Sale
2021-06-26,Father's Day
2021-06-26,Summer Sale
2021-06-27,Summer Sale
2021-06-28,Summer Sale
2021-06-29,Summer Sale
2021-06-30,Summer Sale
2021-07-01,Summer Sale
2021-07-02,Summer Sale
2021-06-27,Father's Day
2021-06-27,Summer Sale
2021-06-28,Summer Sale
2021-06-29,Summer Sale
2021-06-30,Summer Sale
2021-07-01,Summer Sale
2021-07-02,Summer Sale
2021-07-03,Summer Sale
2021-06-28,Father's Day
2021-06-28,Summer Sale
2021-06-29,Summer Sale
2021-06-30,Summer Sale
2021-07-01,Summer Sale
2021-07-02,Summer Sale
2021-07-03,Summer Sale
2021-07-04,Summer Sale
2021-06-29,Father's Day
2021-06-29,Summer Sale
2021-06-30,Summer Sale
2021-07-01,Summer Sale
2021-07-02,Summer Sale
2021-07-03,Summer Sale
2021-07-04,Summer Sale
2021-07-05,Summer Sale
2021-06-30,Father's Day
2021-06-30,Summer Sale
2021-07-01,Summer Sale
2021-07-02,Summer Sale
2021-07-03,Summer Sale
2021-07-04,Summer Sale
2021-07-05,Summer Sale
2021-07-06,Summer Sale
2021-07-01,Independence Day
2021-07-01,Summer Sale
2021-07-02,Summer Sale
2021-07-03,Summer Sale
2021-07-04,Summer Sale
2021-07-05,Summer Sale
2021-07-06,Summer Sale
2021-07-07,Summer Sale
2021-07-02,Independence Day
2021-07-02,Summer Sale
2021-07-03,Summer Sale
2021-07-04,Summer Sale
2021-07-05,Summer Sale
2021-07-06,Summer Sale
2021-07-07,Summer Sale
2021-07-08,Summer Sale
2021-07-03,Independence Day
2021-07-03,Summer Sale
2021-07-04,Summer Sale
2021-07-05,Summer Sale
2021-07-06,Summer Sale
2021-07-07,Summer Sale
2021-07-08,Summer Sale
2021-07-09,Summer Sale
2021-07-04,Independence Day
2021-07-04,Summer Sale
2021-07-05,Summer Sale
2021-07-06,Summer Sale
2021-07-07,Summer Sale
2021-07-08,Summer Sale
2021-07-09,Summer Sale
2021-07-10,Summer Sale
2021-07-05,Independence Day
2021-07-05,Summer Sale
2021-07-06,Summer Sale
2021-07-07,Summer Sale
2021-07-08,Summer Sale
2021-07-09,Summer Sale
2021-07-10,Summer Sale
2021-07-11,Summer Sale
2021-07-06,Independence Day
2021-07-06,Summer Sale
2021-07-07,Summer Sale
2021-07-08,Summer Sale
2021-07-09,Summer Sale
2021-07-10,Summer Sale
2021-07-11,Summer Sale
2021-07-12,Summer Sale
2021-07-07,Independence Day
2021-07-07,Summer Sale
2021-07-08,Summer Sale
2021-07-09,Summer Sale
2021-07-10,Summer Sale
2021-07-11,Summer Sale
2021-07-12,Summer Sale
2021-07-13,Summer Sale
2021-07-08,Independence Day
2021-07-08,Summer Sale
2021-07-09,Summer Sale
2021-07-10,Summer Sale
2021-07-11,Summer Sale
2021-07-12,Summer Sale
2021-07-13,Summer Sale
2021-07-14,Summer Sale
2021-07-09,Independence Day
2021-07-09,Summer Sale
2021-07-10,Summer Sale
2021-07-11,Summer Sale
2021-07-12,Summer Sale
2021-07-13,Summer Sale
2021-07-14,Summer Sale
2021-07-15,Summer Sale
2021-07-10,Independence Day
2021-07-10,Summer Sale
2021-07-11,Summer Sale
2021-07-12,Summer Sale
2021-07-13,Summer Sale
2021-07-14,Summer Sale
2021-07-15,Summer Sale
2021-07-16,Summer Sale
2021-07-11,Independence Day
2021-07-11,Summer Sale
2021-07-12,Summer Sale
2021-07-13,Summer Sale
2021-07-14,Summer Sale
2021-07-15,Summer Sale
2021-07-16,Summer Sale
2021-07-17,Summer Sale
2021-07-12,Independence Day
2021-07-12,Summer Sale
2021-07-13,Summer Sale
2021-07-14,Summer Sale
2021-07-15,Summer Sale
2021-07-16,Summer Sale
2021-07-17,Summer Sale
2021-07-18,Summer Sale
2021-07-13,Independence Day
2021-07-13,Summer Sale
2021-07-14,Summer Sale
2021-07-15,Summer Sale
2021-07-16,Summer Sale
2021-07-17,Summer Sale
2021-07-18,Summer Sale
2021-07-19,Summer Sale
2021-07-14,Independence Day
2021-07-14,Summer Sale
2021-07-15,Summer Sale
2021-07-16,Summer Sale
2021-07-17,Summer Sale
2021-07-18,Summer Sale
2021-07-19,Summer Sale
2021-07-20,Summer Sale
2021-07-15,Independence Day
2021-07-15,Summer Sale
2021-07-16,Summer Sale
2021-07-17,Summer Sale
2021-07-18,Summer Sale
2021-07-19,Summer Sale
2021-07-20,Summer Sale
2021-07-21,Summer Sale
2021-07-16,Independence Day
2021-07-16,Summer Sale
2021-07-17,Summer Sale
2021-07-18,Summer Sale
2021-07-19,Summer Sale
2021-07-20,Summer Sale
2021-07-21,Summer Sale
2021-07-22,Summer Sale
2021-07-17,Independence Day
2021-07-17,Summer Sale
2021-07-18,Summer Sale
2021-07-19,Summer Sale
2021-07-20,Summer Sale
2021-07-21,Summer Sale
2021-07-22,Summer Sale
2021-07-23,Summer Sale
2021-07-18,Independence Day
2021-07-18,Summer Sale
2021-07-19,Summer Sale
2021-07-20,Summer Sale
2021-07-21,Summer Sale
2021-07-22,Summer Sale
2021-07-23,Summer Sale
2021-07-24,Summer Sale
2021-07-19,Independence Day
2021-07-19,Summer Sale
2021-07-20,Summer Sale
2021-07-21,Summer Sale
2021-07-22,Summer Sale
2021-07-23,Summer Sale
2021-07-24,Summer Sale
2021-07-25,Summer Sale
2021-07-20,Independence Day
2021-07-20,Summer Sale
2021-07-21,Summer Sale
2021-07-22,Summer Sale
2021-07-23,Summer Sale
2021-07-24,Summer Sale
2021-07-25,Summer Sale
2021-07-26,Summer Sale
2021-07-21,Independence Day
2021-07-21,Summer Sale
2021-07-22,Summer Sale
2021-07-23,Summer Sale
2021-07-24,Summer Sale
2021-07-25,Summer Sale
2021-07-26,Summer Sale
2021-07-27,Summer Sale
2021-07-22,Independence Day
2021-07-22,Summer Sale
2021-07-23,Summer Sale
2021-07-24,Summer Sale
2021-07-25,Summer Sale
2021-07-26,Summer Sale
2021-07-27,Summer Sale
2021-07-28,Summer Sale
2021-07-23,Independence Day
2021-07-23,Summer Sale
2021-07-24,Summer Sale
2021-07-25,Summer Sale
2021-07-26,Summer Sale
2021-07-27,Summer Sale
2021-07-28,Summer Sale
2021-07-29,Summer Sale
2021-07-24,Independence Day
2021-07-24,Summer Sale
2021-07-25,Summer Sale
2021-07-26,Summer Sale
2021-07-27,Summer Sale
2021-07-28,Summer Sale
2021-07-29,Summer Sale
2021-07-30,Summer Sale
2021-07-25,Independence Day
2021-07-25,Summer Sale
2021-07-26,Summer Sale
2021-07-27,Summer Sale
2021-07-28,Summer Sale
2021-07-29,Summer Sale
2021-07-30,Summer Sale
2021-07-31,Summer Sale
2021-07-26,Independence Day
2021-07-26,Summer Sale
2021-07-27,Summer Sale
2021-07-28,Summer Sale
2021-07-29,Summer Sale
2021-07-30,Summer Sale
2021-07-31,Summer Sale
2021-08-01,Summer Sale
2021-07-27,Independence Day
2021-07-27,Summer Sale
2021-07-28,Summer Sale
2021-07-29,Summer Sale
2021-07-30,Summer Sale
2021-07-31,Summer Sale
2021-08-01,Summer Sale
2021-08-02,Summer Sale
2021-07-28,Independence Day
2021-07-28,Summer Sale
2021-07-29,Summer Sale
2021-07-30,Summer Sale
2021-07-31,Summer Sale
2021-08-01,Summer Sale
2021-08-02,Summer Sale
2021-08-03,Summer Sale
2021-07-29,Independence Day
2021-07-29,Summer Sale
2021-07-30,Summer Sale
2021-07-31,Summer Sale
2021-08-01,Summer Sale
2021-08-02,Summer Sale
2021-08-03,Summer Sale
2021-08-04,Summer Sale
2021-07-30,Independence Day
2021-07-30,Summer Sale
2021-07-31,Summer Sale
2021-08-01,Summer Sale
2021-08-02,Summer Sale
2021-08-03,Summer Sale
2021-08-04,Summer Sale
2021-08-05,Summer Sale
2021-07-31,Independence Day
2021-07-31,Summer Sale
2021-08-01,Summer Sale
2021-08-02,Summer Sale
2021-08-03,Summer Sale
2021-08-04,Summer Sale
2021-08-05,Summer Sale
2021-08-06,Summer Sale
2021-08-01,Summer Sale
2021-08-02,Summer Sale
2021-08-03,Summer Sale
2021-08-04,Summer Sale
2021-08-05,Summer Sale
2021-08-06,Summer Sale
2021-08-07,Summer Sale
2021-08-02,Summer Sale
2021-08-03,Summer Sale
2021-08-04,Summer Sale
2021-08-05,Summer Sale
2021-08-06,Summer Sale
2021-08-07,Summer Sale
2021-08-08,Summer Sale
2021-08-03,Summer Sale
2021-08-04,Summer Sale
2021-08-05,Summer Sale
2021-08-06,Summer Sale
2021-08-07,Summer Sale
2021-08-08,Summer Sale
2021-08-09,Summer Sale
2021-08-04,Summer Sale
2021-08-05,Summer Sale
2021-08-06,Summer Sale
2021-08-07,Summer Sale
2021-08-08,Summer Sale
2021-08-09,Summer Sale
2021-08-10,Summer Sale
2021-08-05,Summer Sale
2021-08-06,Summer Sale
2021-08-07,Summer Sale
2021-08-08,Summer Sale
2021-08-09,Summer Sale
2021-08-10,Summer Sale
2021-08-11,Summer Sale
2021-08-06,Summer Sale
2021-08-07,Summer Sale
2021-08-08,Summer Sale
2021-08-09,Summer Sale
2021-08-10,Summer Sale
2021-08-11,Summer Sale
2021-08-12,Summer Sale
2021-08-07,Summer Sale
2021-08-08,Summer Sale
2021-08-09,Summer Sale
2021-08-10,Summer Sale
2021-08-11,Summer Sale
2021-08-12,Summer Sale
2021-08-13,Summer Sale
2021-08-08,Summer Sale
2021-08-09,Summer Sale
2021-08-10,Summer Sale
2021-08-11,Summer Sale
2021-08-12,Summer Sale
2021-08-13,Summer Sale
2021-08-14,Summer Sale
2021-08-09,Summer Sale
2021-08-10,Summer Sale
2021-08-11,Summer Sale
2021-08-12,Summer Sale
2021-08-13,Summer Sale
2021-08-14,Summer Sale
2021-08-15,Summer Sale
2021-08-10,Summer Sale
2021-08-11,Summer Sale
2021-08-12,Summer Sale
2021-08-13,Summer Sale
2021-08-14,Summer Sale
2021-08-15,Summer Sale
2021-08-16,Summer Sale
2021-08-11,Summer Sale
2021-08-12,Summer Sale
2021-08-13,Summer Sale
2021-08-14,Summer Sale
2021-08-15,Summer Sale
2021-08-16,Summer Sale
2021-08-17,Summer Sale
2021-08-12,Summer Sale
2021-08-13,Summer Sale
2021-08-14,Summer Sale
2021-08-15,Summer Sale
2021-08-16,Summer Sale
2021-08-17,Summer Sale
2021-08-18,Summer Sale
2021-08-13,Summer Sale
2021-08-14,Summer Sale
2021-08-15,Summer Sale
2021-08-16,Summer Sale
2021-08-17,Summer Sale
2021-08-18,Summer Sale
2021-08-19,Summer Sale
2021-08-14,Summer Sale
2021-08-15,Summer Sale
2021-08-16,Summer Sale
2021-08-17,Summer Sale
2021-08-18,Summer Sale
2021-08-19,Summer Sale
2021-08-20,Summer Sale
2021-08-15,Summer Sale
2021-08-16,Summer Sale
2021-08-17,Summer Sale
2021-08-18,Summer Sale
2021-08-19,Summer Sale
2021-08-20,Summer Sale
2021-08-21,Summer Sale
2021-08-16,Summer Sale
2021-08-17,Summer Sale
2021-08-18,Summer Sale
2021-08-19,Summer Sale
2021-08-20,Summer Sale
2021-08-21,Summer Sale
2021-08-22,Summer Sale
2021-08-17,Summer Sale
2021-08-18,Summer Sale
2021-08-19,Summer Sale
2021-08-20,Summer Sale
2021-08-21,Summer Sale
2021-08-22,Summer Sale
2021-08-23,Summer Sale
2021-08-18,Summer Sale
2021-08-19,Summer Sale
2021-08-20,Summer Sale
2021-08-21,Summer Sale
2021-08-22,Summer Sale
2021-08-23,Summer Sale
2021-08-24,Summer Sale
2021-08-19,Summer Sale
2021-08-20,Summer Sale
2021-08-21,Summer Sale
2021-08-22,Summer Sale
2021-08-23,Summer Sale
2021-08-24,Summer Sale
2021-08-25,Summer Sale
2021-08-20,Summer Sale
2021-08-21,Summer Sale
2021-08-22,Summer Sale
2021-08-23,Summer Sale
2021-08-24,Summer Sale
2021-08-25,Summer Sale
2021-08-26,Summer Sale
2021-08-21,Summer Sale
2021-08-22,Summer Sale
2021-08-23,Summer Sale
2021-08-24,Summer Sale
2021-08-25,Summer Sale
2021-08-26,Summer Sale
2021-08-27,Summer Sale
2021-08-22,Summer Sale
2021-08-23,Summer Sale
2021-08-24,Summer Sale
2021-08-25,Summer Sale
2021-08-26,Summer Sale
2021-08-27,Summer Sale
2021-08-28,Summer Sale
2021-08-23,Summer Sale
2021-08-24,Summer Sale
2021-08-25,Summer Sale
2021-08-26,Summer Sale
2021-08-27,Summer Sale
2021-08-28,Summer Sale
2021-08-29,Summer Sale
2021-08-24,Summer Sale
2021-08-25,Summer Sale
2021-08-26,Summer Sale
2021-08-27,Summer Sale
2021-08-28,Summer Sale
2021-08-29,Summer Sale
2021-08-30,Summer Sale
2021-08-25,Summer Sale
2021-08-26,Summer Sale
2021-08-27,Summer Sale
2021-08-28,Summer Sale
2021-08-29,Summer Sale
2021-08-30,Summer Sale
2021-08-31,Summer Sale
2021-08-26,Summer Sale
2021-08-27,Summer Sale
2021-08-28,Summer Sale
2021-08-29,Summer Sale
2021-08-30,Summer Sale
2021-08-31,Summer Sale
2021-09-01,Summer Sale
2021-08-27,Summer Sale
2021-08-28,Summer Sale
2021-08-29,Summer Sale
2021-08-30,Summer Sale
2021-08-31,Summer Sale
2021-09-01,Summer Sale
2021-09-02,Summer Sale
2021-08-28,Summer Sale
2021-08-29,Summer Sale
2021-08-30,Summer Sale
2021-08-31,Summer Sale
2021-09-01,Summer Sale
2021-09-02,Summer Sale
2021-09-03,Summer Sale
2021-08-29,Summer Sale
2021-08-30,Summer Sale
2021-08-31,Summer Sale
2021-09-01,Summer Sale
2021-09-02,Summer Sale
2021-09-03,Summer Sale
2021-09-04,Summer Sale
2021-08-30,Summer Sale
2021-08-31,Summer Sale
2021-09-01,Summer Sale
2021-09-02,Summer Sale
2021-09-03,Summer Sale
2021-09-04,Summer Sale
2021-09-05,Summer Sale
2021-08-31,Summer Sale
2021-09-01,Summer Sale
2021-09-02,Summer Sale
2021-09-03,Summer Sale
2021-09-04,Summer Sale
2021-09-05,Summer Sale
2021-09-06,Summer Sale
2021-11-01,Black Friday
2021-11-02,Black Friday
2021-11-03,Black Friday
2021-11-04,Black Friday
2021-11-05,Black Friday
2021-11-06,Black Friday
2021-11-07,Black Friday
2021-11-08,Black Friday
2021-11-09,Black Friday
2021-11-10,Black Friday
2021-11-11,Black Friday
2021-11-12,Black Friday
2021-11-13,Black Friday
2021-11-14,Black Friday
2021-11-15,Black Friday
2021-11-16,Black Friday
2021-11-17,Black Friday
2021-11-18,Black Friday
2021-11-19,Black Friday
2021-11-20,Black Friday
2021-11-21,Black Friday
2021-11-22,Black Friday
2021-11-23,Black Friday
2021-11-24,Black Friday
2021-11-25,Black Friday
2021-11-26,Black Friday
2021-11-27,Black Friday
2021-11-28,Black Friday
2021-11-29,Black Friday
2021-11-30,Black Friday
2021-12-01,Christmas
2021-12-02,Christmas
2021-12-03,Christmas
2021-12-04,Christmas
2021-12-05,Christmas
2021-12-06,Christmas
2021-12-07,Christmas
2021-12-08,Christmas
2021-12-09,Christmas
2021-12-10,Christmas
2021-12-11,Christmas
2021-12-12,Christmas
2021-12-13,Christmas
2021-12-14,Christmas
2021-12-15,Christmas
2021-12-16,Christmas
2021-12-17,Christmas
2021-12-18,Christmas
2021-12-19,Christmas
2021-12-20,Christmas
2021-12-21,Christmas
2021-12-22,Christmas
2021-12-23,Christmas
2021-12-24,Christmas
2021-12-25,Christmas
2021-12-26,Christmas
2021-12-27,Christmas
2021-12-28,Christmas
2021-12-29,Christmas
2021-12-30,Christmas
2021-12-31,Christmas
2022-01-01,New Year's Day
2022-01-01,Winter Sale
2022-01-02,Winter Sale
2022-01-03,Winter Sale
2022-01-04,Winter Sale
2022-01-05,Winter Sale
2022-01-06,Winter Sale
2022-01-07,Winter Sale
2022-01-02,New Year's Day
2022-01-02,Winter Sale
2022-01-03,Winter Sale
2022-01-04,Winter Sale
2022-01-05,Winter Sale
2022-01-06,Winter Sale
2022-01-07,Winter Sale
2022-01-08,Winter Sale
2022-01-03,New Year's Day
2022-01-03,Winter Sale
2022-01-04,Winter Sale
2022-01-05,Winter Sale
2022-01-06,Winter Sale
2022-01-07,Winter Sale
2022-01-08,Winter Sale
2022-01-09,Winter Sale
2022-01-04,New Year's Day
2022-01-04,Winter Sale
2022-01-05,Winter Sale
2022-01-06,Winter Sale
2022-01-07,Winter Sale
2022-01-08,Winter Sale
2022-01-09,Winter Sale
2022-01-10,Winter Sale
2022-01-05,New Year's Day
2022-01-05,Winter Sale
2022-01-06,Winter Sale
2022-01-07,Winter Sale
2022-01-08,Winter Sale
2022-01-09,Winter Sale
2022-01-10,Winter Sale
2022-01-11,Winter Sale
2022-01-06,New Year's Day
2022-01-06,Winter Sale
2022-01-07,Winter Sale
2022-01-08,Winter Sale
2022-01-09,Winter Sale
2022-01-10,Winter Sale
2022-01-11,Winter Sale
2022-01-12,Winter Sale
2022-01-07,New Year's Day
2022-01-07,Winter Sale
2022-01-08,Winter Sale
2022-01-09,Winter Sale
2022-01-10,Winter Sale
2022-01-11,Winter Sale
2022-01-12,Winter Sale
2022-01-13,Winter Sale
2022-01-08,New Year's Day
2022-01-08,Winter Sale
2022-01-09,Winter Sale
2022-01-10,Winter Sale
2022-01-11,Winter Sale
2022-01-12,Winter Sale
2022-01-13,Winter Sale
2022-01-14,Winter Sale
2022-01-09,New Year's Day
2022-01-09,Winter Sale
2022-01-10,Winter Sale
2022-01-11,Winter Sale
2022-01-12,Winter Sale
2022-01-13,Winter Sale
2022-01-14,Winter Sale
2022-01-15,Winter Sale
2022-01-10,New Year's Day
2022-01-10,Winter Sale
2022-01-11,Winter Sale
2022-01-12,Winter Sale
2022-01-13,Winter Sale
2022-01-14,Winter Sale
2022-01-15,Winter Sale
2022-01-16,Winter Sale
2022-01-11,New Year's Day
2022-01-11,Winter Sale
2022-01-12,Winter Sale
2022-01-13,Winter Sale
2022-01-14,Winter Sale
2022-01-15,Winter Sale
2022-01-16,Winter Sale
2022-01-17,Winter Sale
2022-01-12,New Year's Day
2022-01-12,Winter Sale
2022-01-13,Winter Sale
2022-01-14,Winter Sale
2022-01-15,Winter Sale
2022-01-16,Winter Sale
2022-01-17,Winter Sale
2022-01-18,Winter Sale
2022-01-13,New Year's Day
2022-01-13,Winter Sale
2022-01-14,Winter Sale
2022-01-15,Winter Sale
2022-01-16,Winter Sale
2022-01-17,Winter Sale
2022-01-18,Winter Sale
2022-01-19,Winter Sale
2022-01-14,New Year's Day
2022-01-14,Winter Sale
2022-01-15,Winter Sale
2022-01-16,Winter Sale
2022-01-17,Winter Sale
2022-01-18,Winter Sale
2022-01-19,Winter Sale
2022-01-20,Winter Sale
2022-01-15,New Year's Day
2022-01-15,Winter Sale
2022-01-16,Winter Sale
2022-01-17,Winter Sale
2022-01-18,Winter Sale
2022-01-19,Winter Sale
2022-01-20,Winter Sale
2022-01-21,Winter Sale
2022-01-16,New Year's Day
2022-01-16,Winter Sale
2022-01-17,Winter Sale
2022-01-18,Winter Sale
2022-01-19,Winter Sale
2022-01-20,Winter Sale
2022-01-21,Winter Sale
2022-01-22,Winter Sale
2022-01-17,New Year's Day
2022-01-17,Winter Sale
2022-01-18,Winter Sale
2022-01-19,Winter Sale
2022-01-20,Winter Sale
2022-01-21,Winter Sale
2022-01-22,Winter Sale
2022-01-23,Winter Sale
2022-01-18,New Year's Day
2022-01-18,Winter Sale
2022-01-19,Winter Sale
2022-01-20,Winter Sale
2022-01-21,Winter Sale
2022-01-22,Winter Sale
2022-01-23,Winter Sale
2022-01-24,Winter Sale
2022-01-19,New Year's Day
2022-01-19,Winter Sale
2022-01-20,Winter Sale
2022-01-21,Winter Sale
2022-01-22,Winter Sale
2022-01-23,Winter Sale
2022-01-24,Winter Sale
2022-01-25,Winter Sale
2022-01-20,New Year's Day
2022-01-20,Winter Sale
2022-01-21,Winter Sale
2022-01-22,Winter Sale
2022-01-23,Winter Sale
2022-01-24,Winter Sale
2022-01-25,Winter Sale
2022-01-26,Winter Sale
2022-01-21,New Year's Day
2022-01-21,Winter Sale
2022-01-22,Winter Sale
2022-01-23,Winter Sale
2022-01-24,Winter Sale
2022-01-25,Winter Sale
2022-01-26,Winter Sale
2022-01-27,Winter Sale
2022-01-22,New Year's Day
2022-01-22,Winter Sale
2022-01-23,Winter Sale
2022-01-24,Winter Sale
2022-01-25,Winter Sale
2022-01-26,Winter Sale
2022-01-27,Winter Sale
2022-01-28,Winter Sale
2022-01-23,New Year's Day
2022-01-23,Winter Sale
2022-01-24,Winter Sale
2022-01-25,Winter Sale
2022-01-26,Winter Sale
2022-01-27,Winter Sale
2022-01-28,Winter Sale
2022-01-29,Winter Sale
2022-01-24,New Year's Day
2022-01-24,Winter Sale
2022-01-25,Winter Sale
2022-01-26,Winter Sale
2022-01-27,Winter Sale
2022-01-28,Winter Sale
2022-01-29,Winter Sale
2022-01-30,Winter Sale
2022-01-25,New Year's Day
2022-01-25,Winter Sale
2022-01-26,Winter Sale
2022-01-27,Winter Sale
2022-01-28,Winter Sale
2022-01-29,Winter Sale
2022-01-30,Winter Sale
2022-01-31,Winter Sale
2022-01-26,New Year's Day
2022-01-26,Winter Sale
2022-01-27,Winter Sale
2022-01-28,Winter Sale
2022-01-29,Winter Sale
2022-01-30,Winter Sale
2022-01-31,Winter Sale
2022-02-01,Winter Sale
2022-01-27,New Year's Day
2022-01-27,Winter Sale
2022-01-28,Winter Sale
2022-01-29,Winter Sale
2022-01-30,Winter Sale
2022-01-31,Winter Sale
2022-02-01,Winter Sale
2022-02-02,Winter Sale
2022-01-28,New Year's Day
2022-01-28,Winter Sale
2022-01-29,Winter Sale
2022-01-30,Winter Sale
2022-01-31,Winter Sale
2022-02-01,Winter Sale
2022-02-02,Winter Sale
2022-02-03,Winter Sale
2022-01-29,New Year's Day
2022-01-29,Winter Sale
2022-01-30,Winter Sale
2022-01-31,Winter Sale
2022-02-01,Winter Sale
2022-02-02,Winter Sale
2022-02-03,Winter Sale
2022-02-04,Winter Sale
2022-01-30,New Year's Day
2022-01-30,Winter Sale
2022-01-31,Winter Sale
2022-02-01,Winter Sale
2022-02-02,Winter Sale
2022-02-03,Winter Sale
2022-02-04,Winter Sale
2022-02-05,Winter Sale
2022-01-31,New Year's Day
2022-01-31,Winter Sale
2022-02-01,Winter Sale
2022-02-02,Winter Sale
2022-02-03,Winter Sale
2022-02-04,Winter Sale
2022-02-05,Winter Sale
2022-02-06,Winter Sale
2022-02-01,Valentine's Day
2022-02-01,Winter Sale
2022-02-02,Winter Sale
2022-02-03,Winter Sale
2022-02-04,Winter Sale
2022-02-05,Winter Sale
2022-02-06,Winter Sale
2022-02-07,Winter Sale
2022-02-02,Valentine's Day
2022-02-02,Winter Sale
2022-02-03,Winter Sale
2022-02-04,Winter Sale
2022-02-05,Winter Sale
2022-02-06,Winter Sale
2022-02-07,Winter Sale
2022-02-08,Winter Sale
2022-02-03,Valentine's Day
2022-02-03,Winter Sale
2022-02-04,Winter Sale
2022-02-05,Winter Sale
2022-02-06,Winter Sale
2022-02-07,Winter Sale
2022-02-08,Winter Sale
2022-02-09,Winter Sale
2022-02-04,Valentine's Day
2022-02-04,Winter Sale
2022-02-05,Winter Sale
2022-02-06,Winter Sale
2022-02-07,Winter Sale
2022-02-08,Winter Sale
2022-02-09,Winter Sale
2022-02-10,Winter Sale
2022-02-05,Valentine's Day
2022-02-05,Winter Sale
2022-02-06,Winter Sale
2022-02-07,Winter Sale
2022-02-08,Winter Sale
2022-02-09,Winter Sale
2022-02-10,Winter Sale
2022-02-11,Winter Sale
2022-02-06,Valentine's Day
2022-02-06,Winter Sale
2022-02-07,Winter Sale
2022-02-08,Winter Sale
2022-02-09,Winter Sale
2022-02-10,Winter Sale
2022-02-11,Winter Sale
2022-02-12,Winter Sale
2022-02-07,Valentine's Day
2022-02-07,Winter Sale
2022-02-08,Winter Sale
2022-02-09,Winter Sale
2022-02-10,Winter Sale
2022-02-11,Winter Sale
2022-02-12,Winter Sale
2022-02-13,Winter Sale
2022-02-08,Valentine's Day
2022-02-08,Winter Sale
2022-02-09,Winter Sale
2022-02-10,Winter Sale
2022-02-11,Winter Sale
2022-02-12,Winter Sale
2022-02-13,Winter Sale
2022-02-14,Winter Sale
2022-02-09,Valentine's Day
2022-02-09,Winter Sale
2022-02-10,Winter Sale
2022-02-11,Winter Sale
2022-02-12,Winter Sale
2022-02-13,Winter Sale
2022-02-14,Winter Sale
2022-02-15,Winter Sale
2022-02-10,Valentine's Day
2022-02-10,Winter Sale
2022-02-11,Winter Sale
2022-02-12,Winter Sale
2022-02-13,Winter Sale
2022-02-14,Winter Sale
2022-02-15,Winter Sale
2022-02-16,Winter Sale
2022-02-11,Valentine's Day
2022-02-11,Winter Sale
2022-02-12,Winter Sale
2022-02-13,Winter Sale
2022-02-14,Winter Sale
2022-02-15,Winter Sale
2022-02-16,Winter Sale
2022-02-17,Winter Sale
2022-02-12,Valentine's Day
2022-02-12,Winter Sale
2022-02-13,Winter Sale
2022-02-14,Winter Sale
2022-02-15,Winter Sale
2022-02-16,Winter Sale
2022-02-17,Winter Sale
2022-02-18,Winter Sale
2022-02-13,Valentine's Day
2022-02-13,Winter Sale
2022-02-14,Winter Sale
2022-02-15,Winter Sale
2022-02-16,Winter Sale
2022-02-17,Winter Sale
2022-02-18,Winter Sale
2022-02-19,Winter Sale
2022-02-14,Valentine's Day
2022-02-14,Winter Sale
2022-02-15,Winter Sale
2022-02-16,Winter Sale
2022-02-17,Winter Sale
2022-02-18,Winter Sale
2022-02-19,Winter Sale
2022-02-20,Winter Sale
2022-02-15,Valentine's Day
2022-02-15,Winter Sale
2022-02-16,Winter Sale
2022-02-17,Winter Sale
2022-02-18,Winter Sale
2022-02-19,Winter Sale
2022-02-20,Winter Sale
2022-02-21,Winter Sale
2022-02-16,Valentine's Day
2022-02-16,Winter Sale
2022-02-17,Winter Sale
2022-02-18,Winter Sale
2022-02-19,Winter Sale
2022-02-20,Winter Sale
2022-02-21,Winter Sale
2022-02-22,Winter Sale
2022-02-17,Valentine's Day
2022-02-17,Winter Sale
2022-02-18,Winter Sale
2022-02-19,Winter Sale
2022-02-20,Winter Sale
2022-02-21,Winter Sale
2022-02-22,Winter Sale
2022-02-23,Winter Sale
2022-02-18,Valentine's Day
2022-02-18,Winter Sale
2022-02-19,Winter Sale
2022-02-20,Winter Sale
2022-02-21,Winter Sale
2022-02-22,Winter Sale
2022-02-23,Winter Sale
2022-02-24,Winter Sale
2022-02-19,Valentine's Day
2022-02-19,Winter Sale
2022-02-20,Winter Sale
2022-02-21,Winter Sale
2022-02-22,Winter Sale
2022-02-23,Winter Sale
2022-02-24,Winter Sale
2022-02-25,Winter Sale
2022-02-20,Valentine's Day
2022-02-20,Winter Sale
2022-02-21,Winter Sale
2022-02-22,Winter Sale
2022-02-23,Winter Sale
2022-02-24,Winter Sale
2022-02-25,Winter Sale
2022-02-26,Winter Sale
2022-02-21,Valentine's Day
2022-02-21,Winter Sale
2022-02-22,Winter Sale
2022-02-23,Winter Sale
2022-02-24,Winter Sale
2022-02-25,Winter Sale
2022-02-26,Winter Sale
2022-02-27,Winter Sale
2022-02-22,Valentine's Day
2022-02-22,Winter Sale
2022-02-23,Winter Sale
2022-02-24,Winter Sale
2022-02-25,Winter Sale
2022-02-26,Winter Sale
2022-02-27,Winter Sale
2022-02-28,Winter Sale
2022-02-23,Valentine's Day
2022-02-23,Winter Sale
2022-02-24,Winter Sale
2022-02-25,Winter Sale
2022-02-26,Winter Sale
2022-02-27,Winter Sale
2022-02-28,Winter Sale
2022-03-01,Winter Sale
2022-02-24,Valentine's Day
2022-02-24,Winter Sale
2022-02-25,Winter Sale
2022-02-26,Winter Sale
2022-02-27,Winter Sale
2022-02-28,Winter Sale
2022-03-01,Winter Sale
2022-03-02,Winter Sale
2022-02-25,Valentine's Day
2022-02-25,Winter Sale
2022-02-26,Winter Sale
2022-02-27,Winter Sale
2022-02-28,Winter Sale
2022-03-01,Winter Sale
2022-03-02,Winter Sale
2022-03-03,Winter Sale
2022-02-26,Valentine's Day
2022-02-26,Winter Sale
2022-02-27,Winter Sale
2022-02-28,Winter Sale
2022-03-01,Winter Sale
2022-03-02,Winter Sale
2022-03-03,Winter Sale
2022-03-04,Winter Sale
2022-02-27,Valentine's Day
2022-02-27,Winter Sale
2022-02-28,Winter Sale
2022-03-01,Winter Sale
2022-03-02,Winter Sale
2022-03-03,Winter Sale
2022-03-04,Winter Sale
2022-03-05,Winter Sale
2022-02-28,Valentine's Day
2022-02-28,Winter Sale
2022-03-01,Winter Sale
2022-03-02,Winter Sale
2022-03-03,Winter Sale
2022-03-04,Winter Sale
2022-03-05,Winter Sale
2022-03-06,Winter Sale
2022-04-01,Easter
2022-04-02,Easter
2022-04-03,Easter
2022-04-04,Easter
2022-04-05,Easter
2022-04-06,Easter
2022-04-07,Easter
2022-04-08,Easter
2022-04-09,Easter
2022-04-10,Easter
2022-04-11,Easter
2022-04-12,Easter
2022-04-13,Easter
2022-04-14,Easter
2022-04-15,Easter
2022-04-16,Easter
2022-04-17,Easter
2022-04-18,Easter
2022-04-19,Easter
2022-04-20,Easter
2022-04-21,Easter
2022-04-22,Easter
2022-04-23,Easter
2022-04-24,Easter
2022-04-25,Easter
2022-04-26,Easter
2022-04-27,Easter
2022-04-28,Easter
2022-04-29,Easter
2022-04-30,Easter
2022-05-01,Mother's Day
2022-05-02,Mother's Day
2022-05-03,Mother's Day
2022-05-04,Mother's Day
2022-05-05,Mother's Day
2022-05-06,Mother's Day
2022-05-07,Mother's Day
2022-05-08,Mother's Day
2022-05-09,Mother's Day
2022-05-10,Mother's Day
2022-05-11,Mother's Day
2022-05-12,Mother's Day
2022-05-13,Mother's Day
2022-05-14,Mother's Day
2022-05-15,Mother's Day
2022-05-16,Mother's Day
2022-05-17,Mother's Day
2022-05-18,Mother's Day
2022-05-19,Mother's Day
2022-05-20,Mother's Day
2022-05-21,Mother's Day
2022-05-22,Mother's Day
2022-05-23,Mother's Day
2022-05-24,Mother's Day
2022-05-25,Mother's Day
2022-05-26,Mother's Day
2022-05-27,Mother's Day
2022-05-28,Mother's Day
2022-05-29,Mother's Day
2022-05-30,Mother's Day
2022-05-31,Mother's Day
2022-06-01,Father's Day
2022-06-01,Summer Sale
2022-06-02,Summer Sale
2022-06-03,Summer Sale
2022-06-04,Summer Sale
2022-06-05,Summer Sale
2022-06-06,Summer Sale
2022-06-07,Summer Sale
2022-06-02,Father's Day
2022-06-02,Summer Sale
2022-06-03,Summer Sale
2022-06-04,Summer Sale
2022-06-05,Summer Sale
2022-06-06,Summer Sale
2022-06-07,Summer Sale
2022-06-08,Summer Sale
2022-06-03,Father's Day
2022-06-03,Summer Sale
2022-06-04,Summer Sale
2022-06-05,Summer Sale
2022-06-06,Summer Sale
2022-06-07,Summer Sale
2022-06-08,Summer Sale
2022-06-09,Summer Sale
2022-06-04,Father's Day
2022-06-04,Summer Sale
2022-06-05,Summer Sale
2022-06-06,Summer Sale
2022-06-07,Summer Sale
2022-06-08,Summer Sale
2022-06-09,Summer Sale
2022-06-10,Summer Sale
2022-06-05,Father's Day
2022-06-05,Summer Sale
2022-06-06,Summer Sale
2022-06-07,Summer Sale
2022-06-08,Summer Sale
2022-06-09,Summer Sale
2022-06-10,Summer Sale
2022-06-11,Summer Sale
2022-06-06,Father's Day
2022-06-06,Summer Sale
2022-06-07,Summer Sale
2022-06-08,Summer Sale
2022-06-09,Summer Sale
2022-06-10,Summer Sale
2022-06-11,Summer Sale
2022-06-12,Summer Sale
2022-06-07,Father's Day
2022-06-07,Summer Sale
2022-06-08,Summer Sale
2022-06-09,Summer Sale
2022-06-10,Summer Sale
2022-06-11,Summer Sale
2022-06-12,Summer Sale
2022-06-13,Summer Sale
2022-06-08,Father's Day
2022-06-08,Summer Sale
2022-06-09,Summer Sale
2022-06-10,Summer Sale
2022-06-11,Summer Sale
2022-06-12,Summer Sale
2022-06-13,Summer Sale
2022-06-14,Summer Sale
2022-06-09,Father's Day
2022-06-09,Summer Sale
2022-06-10,Summer Sale
2022-06-11,Summer Sale
2022-06-12,Summer Sale
2022-06-13,Summer Sale
2022-06-14,Summer Sale
2022-06-15,Summer Sale
2022-06-10,Father's Day
2022-06-10,Summer Sale
2022-06-11,Summer Sale
2022-06-12,Summer Sale
2022-06-13,Summer Sale
2022-06-14,Summer Sale
2022-06-15,Summer Sale
2022-06-16,Summer Sale
2022-06-11,Father's Day
2022-06-11,Summer Sale
2022-06-12,Summer Sale
2022-06-13,Summer Sale
2022-06-14,Summer Sale
2022-06-15,Summer Sale
2022-06-16,Summer Sale
2022-06-17,Summer Sale
2022-06-12,Father's Day
2022-06-12,Summer Sale
2022-06-13,Summer Sale
2022-06-14,Summer Sale
2022-06-15,Summer Sale
2022-06-16,Summer Sale
2022-06-17,Summer Sale
2022-06-18,Summer Sale
2022-06-13,Father's Day
2022-06-13,Summer Sale
2022-06-14,Summer Sale
2022-06-15,Summer Sale
2022-06-16,Summer Sale
2022-06-17,Summer Sale
2022-06-18,Summer Sale
2022-06-19,Summer Sale
2022-06-14,Father's Day
2022-06-14,Summer Sale
2022-06-15,Summer Sale
2022-06-16,Summer Sale
2022-06-17,Summer Sale
2022-06-18,Summer Sale
2022-06-19,Summer Sale
2022-06-20,Summer Sale
2022-06-15,Father's Day
2022-06-15,Summer Sale
2022-06-16,Summer Sale
2022-06-17,Summer Sale
2022-06-18,Summer Sale
2022-06-19,Summer Sale
2022-06-20,Summer Sale
2022-06-21,Summer Sale
2022-06-16,Father's Day
2022-06-16,Summer Sale
2022-06-17,Summer Sale
2022-06-18,Summer Sale
2022-06-19,Summer Sale
2022-06-20,Summer Sale
2022-06-21,Summer Sale
2022-06-22,Summer Sale
2022-06-17,Father's Day
2022-06-17,Summer Sale
2022-06-18,Summer Sale
2022-06-19,Summer Sale
2022-06-20,Summer Sale
2022-06-21,Summer Sale
2022-06-22,Summer Sale
2022-06-23,Summer Sale
2022-06-18,Father's Day
2022-06-18,Summer Sale
2022-06-19,Summer Sale
2022-06-20,Summer Sale
2022-06-21,Summer Sale
2022-06-22,Summer Sale
2022-06-23,Summer Sale
2022-06-24,Summer Sale
2022-06-19,Father's Day
2022-06-19,Summer Sale
2022-06-20,Summer Sale
2022-06-21,Summer Sale
2022-06-22,Summer Sale
2022-06-23,Summer Sale
2022-06-24,Summer Sale
2022-06-25,Summer Sale
2022-06-20,Father's Day
2022-06-20,Summer Sale
2022-06-21,Summer Sale
2022-06-22,Summer Sale
2022-06-23,Summer Sale
2022-06-24,Summer Sale
2022-06-25,Summer Sale
2022-06-26,Summer Sale
2022-06-21,Father's Day
2022-06-21,Summer Sale
2022-06-22,Summer Sale
2022-06-23,Summer Sale
2022-06-24,Summer Sale
2022-06-25,Summer Sale
2022-06-26,Summer Sale
2022-06-27,Summer Sale
2022-06-22,Father's Day
2022-06-22,Summer Sale
2022-06-23,Summer Sale
2022-06-24,Summer Sale
2022-06-25,Summer Sale
2022-06-26,Summer Sale
2022-06-27,Summer Sale
2022-06-28,Summer Sale
2022-06-23,Father's Day
2022-06-23,Summer Sale
2022-06-24,Summer Sale
2022-06-25,Summer Sale
2022-06-26,Summer Sale
2022-06-27,Summer Sale
2022-06-28,Summer Sale
2022-06-29,Summer Sale
2022-06-24,Father's Day
2022-06-24,Summer Sale
2022-06-25,Summer Sale
2022-06-26,Summer Sale
2022-06-27,Summer Sale
2022-06-28,Summer Sale
2022-06-29,Summer Sale
2022-06-30,Summer Sale
2022-06-25,Father's Day
2022-06-25,Summer Sale
2022-06-26,Summer Sale
2022-06-27,Summer Sale
2022-06-28,Summer Sale
2022-06-29,Summer Sale
2022-06-30,Summer Sale
2022-07-01,Summer Sale
2022-06-26,Father's Day
2022-06-26,Summer Sale
2022-06-27,Summer Sale
2022-06-28,Summer Sale
2022-06-29,Summer Sale
2022-06-30,Summer Sale
2022-07-01,Summer Sale
2022-07-02,Summer Sale
2022-06-27,Father's Day
2022-06-27,Summer Sale
2022-06-28,Summer Sale
2022-06-29,Summer Sale
2022-06-30,Summer Sale
2022-07-01,Summer Sale
2022-07-02,Summer Sale
2022-07-03,Summer Sale
2022-06-28,Father's Day
2022-06-28,Summer Sale
2022-06-29,Summer Sale
2022-06-30,Summer Sale
2022-07-01,Summer Sale
2022-07-02,Summer Sale
2022-07-03,Summer Sale
2022-07-04,Summer Sale
2022-06-29,Father's Day
2022-06-29,Summer Sale
2022-06-30,Summer Sale
2022-07-01,Summer Sale
2022-07-02,Summer Sale
2022-07-03,Summer Sale
2022-07-04,Summer Sale
2022-07-05,Summer Sale
2022-06-30,Father's Day
2022-06-30,Summer Sale
2022-07-01,Summer Sale
2022-07-02,Summer Sale
2022-07-03,Summer Sale
2022-07-04,Summer Sale
2022-07-05,Summer Sale
2022-07-06,Summer Sale
2022-07-01,Independence Day
2022-07-01,Summer Sale
2022-07-02,Summer Sale
2022-07-03,Summer Sale
2022-07-04,Summer Sale
2022-07-05,Summer Sale
2022-07-06,Summer Sale
2022-07-07,Summer Sale
2022-07-02,Independence Day
2022-07-02,Summer Sale
2022-07-03,Summer Sale
2022-07-04,Summer Sale
2022-07-05,Summer Sale
2022-07-06,Summer Sale
2022-07-07,Summer Sale
2022-07-08,Summer Sale
2022-07-03,Independence Day
2022-07-03,Summer Sale
2022-07-04,Summer Sale
2022-07-05,Summer Sale
2022-07-06,Summer Sale
2022-07-07,Summer Sale
2022-07-08,Summer Sale
2022-07-09,Summer Sale
2022-07-04,Independence Day
2022-07-04,Summer Sale
2022-07-05,Summer Sale
2022-07-06,Summer Sale
2022-07-07,Summer Sale
2022-07-08,Summer Sale
2022-07-09,Summer Sale
2022-07-10,Summer Sale
2022-07-05,Independence Day
2022-07-05,Summer Sale
2022-07-06,Summer Sale
2022-07-07,Summer Sale
2022-07-08,Summer Sale
2022-07-09,Summer Sale
2022-07-10,Summer Sale
2022-07-11,Summer Sale
2022-07-06,Independence Day
2022-07-06,Summer Sale
2022-07-07,Summer Sale
2022-07-08,Summer Sale
2022-07-09,Summer Sale
2022-07-10,Summer Sale
2022-07-11,Summer Sale
2022-07-12,Summer Sale
2022-07-07,Independence Day
2022-07-07,Summer Sale
2022-07-08,Summer Sale
2022-07-09,Summer Sale
2022-07-10,Summer Sale
2022-07-11,Summer Sale
2022-07-12,Summer Sale
2022-07-13,Summer Sale
2022-07-08,Independence Day
2022-07-08,Summer Sale
2022-07-09,Summer Sale
2022-07-10,Summer Sale
2022-07-11,Summer Sale
2022-07-12,Summer Sale
2022-07-13,Summer Sale
2022-07-14,Summer Sale
2022-07-09,Independence Day
2022-07-09,Summer Sale
2022-07-10,Summer Sale
2022-07-11,Summer Sale
2022-07-12,Summer Sale
2022-07-13,Summer Sale
2022-07-14,Summer Sale
2022-07-15,Summer Sale
2022-07-10,Independence Day
2022-07-10,Summer Sale
2022-07-11,Summer Sale
2022-07-12,Summer Sale
2022-07-13,Summer Sale
2022-07-14,Summer Sale
2022-07-15,Summer Sale
2022-07-16,Summer Sale
2022-07-11,Independence Day
2022-07-11,Summer Sale
2022-07-12,Summer Sale
2022-07-13,Summer Sale
2022-07-14,Summer Sale
2022-07-15,Summer Sale
2022-07-16,Summer Sale
2022-07-17,Summer Sale
2022-07-12,Independence Day
2022-07-12,Summer Sale
2022-07-13,Summer Sale
2022-07-14,Summer Sale
2022-07-15,Summer Sale
2022-07-16,Summer Sale
2022-07-17,Summer Sale
2022-07-18,Summer Sale
2022-07-13,Independence Day
2022-07-13,Summer Sale
2022-07-14,Summer Sale
2022-07-15,Summer Sale
2022-07-16,Summer Sale
2022-07-17,Summer Sale
2022-07-18,Summer Sale
2022-07-19,Summer Sale
2022-07-14,Independence Day
2022-07-14,Summer Sale
2022-07-15,Summer Sale
2022-07-16,Summer Sale
2022-07-17,Summer Sale
2022-07-18,Summer Sale
2022-07-19,Summer Sale
2022-07-20,Summer Sale
2022-07-15,Independence Day
2022-07-15,Summer Sale
2022-07-16,Summer Sale
2022-07-17,Summer Sale
2022-07-18,Summer Sale
2022-07-19,Summer Sale
2022-07-20,Summer Sale
2022-07-21,Summer Sale
2022-07-16,Independence Day
2022-07-16,Summer Sale
2022-07-17,Summer Sale
2022-07-18,Summer Sale
2022-07-19,Summer Sale
2022-07-20,Summer Sale
2022-07-21,Summer Sale
2022-07-22,Summer Sale
2022-07-17,Independence Day
2022-07-17,Summer Sale
2022-07-18,Summer Sale
2022-07-19,Summer Sale
2022-07-20,Summer Sale
2022-07-21,Summer Sale
2022-07-22,Summer Sale
2022-07-23,Summer Sale
2022-07-18,Independence Day
2022-07-18,Summer Sale
2022-07-19,Summer Sale
2022-07-20,Summer Sale
2022-07-21,Summer Sale
2022-07-22,Summer Sale
2022-07-23,Summer Sale
2022-07-24,Summer Sale
2022-07-19,Independence Day
2022-07-19,Summer Sale
2022-07-20,Summer Sale
2022-07-21,Summer Sale
2022-07-22,Summer Sale
2022-07-23,Summer Sale
2022-07-24,Summer Sale
2022-07-25,Summer Sale
2022-07-20,Independence Day
2022-07-20,Summer Sale
2022-07-21,Summer Sale
2022-07-22,Summer Sale
2022-07-23,Summer Sale
2022-07-24,Summer Sale
2022-07-25,Summer Sale
2022-07-26,Summer Sale
2022-07-21,Independence Day
2022-07-21,Summer Sale
2022-07-22,Summer Sale
2022-07-23,Summer Sale
2022-07-24,Summer Sale
2022-07-25,Summer Sale
2022-07-26,Summer Sale
2022-07-27,Summer Sale
2022-07-22,Independence Day
2022-07-22,Summer Sale
2022-07-23,Summer Sale
2022-07-24,Summer Sale
2022-07-25,Summer Sale
2022-07-26,Summer Sale
2022-07-27,Summer Sale
2022-07-28,Summer Sale
2022-07-23,Independence Day
2022-07-23,Summer Sale
2022-07-24,Summer Sale
2022-07-25,Summer Sale
2022-07-26,Summer Sale
2022-07-27,Summer Sale
2022-07-28,Summer Sale
2022-07-29,Summer Sale
2022-07-24,Independence Day
2022-07-24,Summer Sale
2022-07-25,Summer Sale
2022-07-26,Summer Sale
2022-07-27,Summer Sale
2022-07-28,Summer Sale
2022-07-29,Summer Sale
2022-07-30,Summer Sale
2022-07-25,Independence Day
2022-07-25,Summer Sale
2022-07-26,Summer Sale
2022-07-27,Summer Sale
2022-07-28,Summer Sale
2022-07-29,Summer Sale
2022-07-30,Summer Sale
2022-07-31,Summer Sale
2022-07-26,Independence Day
2022-07-26,Summer Sale
2022-07-27,Summer Sale
2022-07-28,Summer Sale
2022-07-29,Summer Sale
2022-07-30,Summer Sale
2022-07-31,Summer Sale
2022-08-01,Summer Sale
2022-07-27,Independence Day
2022-07-27,Summer Sale
2022-07-28,Summer Sale
2022-07-29,Summer Sale
2022-07-30,Summer Sale
2022-07-31,Summer Sale
2022-08-01,Summer Sale
2022-08-02,Summer Sale
2022-07-28,Independence Day
2022-07-28,Summer Sale
2022-07-29,Summer Sale
2022-07-30,Summer Sale
2022-07-31,Summer Sale
2022-08-01,Summer Sale
2022-08-02,Summer Sale
2022-08-03,Summer Sale
2022-07-29,Independence Day
2022-07-29,Summer Sale
2022-07-30,Summer Sale
2022-07-31,Summer Sale
2022-08-01,Summer Sale
2022-08-02,Summer Sale
2022-08-03,Summer Sale
2022-08-04,Summer Sale
2022-07-30,Independence Day
2022-07-30,Summer Sale
2022-07-31,Summer Sale
2022-08-01,Summer Sale
2022-08-02,Summer Sale
2022-08-03,Summer Sale
2022-08-04,Summer Sale
2022-08-05,Summer Sale
2022-07-31,Independence Day
2022-07-31,Summer Sale
2022-08-01,Summer Sale
2022-08-02,Summer Sale
2022-08-03,Summer Sale
2022-08-04,Summer Sale
2022-08-05,Summer Sale
2022-08-06,Summer Sale
2022-08-01,Summer Sale
2022-08-02,Summer Sale
2022-08-03,Summer Sale
2022-08-04,Summer Sale
2022-08-05,Summer Sale
2022-08-06,Summer Sale
2022-08-07,Summer Sale
2022-08-02,Summer Sale
2022-08-03,Summer Sale
2022-08-04,Summer Sale
2022-08-05,Summer Sale
2022-08-06,Summer Sale
2022-08-07,Summer Sale
2022-08-08,Summer Sale
2022-08-03,Summer Sale
2022-08-04,Summer Sale
2022-08-05,Summer Sale
2022-08-06,Summer Sale
2022-08-07,Summer Sale
2022-08-08,Summer Sale
2022-08-09,Summer Sale
2022-08-04,Summer Sale
2022-08-05,Summer Sale
2022-08-06,Summer Sale
2022-08-07,Summer Sale
2022-08-08,Summer Sale
2022-08-09,Summer Sale
2022-08-10,Summer Sale
2022-08-05,Summer Sale
2022-08-06,Summer Sale
2022-08-07,Summer Sale
2022-08-08,Summer Sale
2022-08-09,Summer Sale
2022-08-10,Summer Sale
2022-08-11,Summer Sale
2022-08-06,Summer Sale
2022-08-07,Summer Sale
2022-08-08,Summer Sale
2022-08-09,Summer Sale
2022-08-10,Summer Sale
2022-08-11,Summer Sale
2022-08-12,Summer Sale
2022-08-07,Summer Sale
2022-08-08,Summer Sale
2022-08-09,Summer Sale
2022-08-10,Summer Sale
2022-08-11,Summer Sale
2022-08-12,Summer Sale
2022-08-13,Summer Sale
2022-08-08,Summer Sale
2022-08-09,Summer Sale
2022-08-10,Summer Sale
2022-08-11,Summer Sale
2022-08-12,Summer Sale
2022-08-13,Summer Sale
2022-08-14,Summer Sale
2022-08-09,Summer Sale
2022-08-10,Summer Sale
2022-08-11,Summer Sale
2022-08-12,Summer Sale
2022-08-13,Summer Sale
2022-08-14,Summer Sale
2022-08-15,Summer Sale
2022-08-10,Summer Sale
2022-08-11,Summer Sale
2022-08-12,Summer Sale
2022-08-13,Summer Sale
2022-08-14,Summer Sale
2022-08-15,Summer Sale
2022-08-16,Summer Sale
2022-08-11,Summer Sale
2022-08-12,Summer Sale
2022-08-13,Summer Sale
2022-08-14,Summer Sale
2022-08-15,Summer Sale
2022-08-16,Summer Sale
2022-08-17,Summer Sale
2022-08-12,Summer Sale
2022-08-13,Summer Sale
2022-08-14,Summer Sale
2022-08-15,Summer Sale
2022-08-16,Summer Sale
2022-08-17,Summer Sale
2022-08-18,Summer Sale
2022-08-13,Summer Sale
2022-08-14,Summer Sale
2022-08-15,Summer Sale
2022-08-16,Summer Sale
2022-08-17,Summer Sale
2022-08-18,Summer Sale
2022-08-19,Summer Sale
2022-08-14,Summer Sale
2022-08-15,Summer Sale
2022-08-16,Summer Sale
2022-08-17,Summer Sale
2022-08-18,Summer Sale
2022-08-19,Summer Sale
2022-08-20,Summer Sale
2022-08-15,Summer Sale
2022-08-16,Summer Sale
2022-08-17,Summer Sale
2022-08-18,Summer Sale
2022-08-19,Summer Sale
2022-08-20,Summer Sale
2022-08-21,Summer Sale
2022-08-16,Summer Sale
2022-08-17,Summer Sale
2022-08-18,Summer Sale
2022-08-19,Summer Sale
2022-08-20,Summer Sale
2022-08-21,Summer Sale
2022-08-22,Summer Sale
2022-08-17,Summer Sale
2022-08-18,Summer Sale
2022-08-19,Summer Sale
2022-08-20,Summer Sale
2022-08-21,Summer Sale
2022-08-22,Summer Sale
2022-08-23,Summer Sale
2022-08-18,Summer Sale
2022-08-19,Summer Sale
2022-08-20,Summer Sale
2022-08-21,Summer Sale
2022-08-22,Summer Sale
2022-08-23,Summer Sale
2022-08-24,Summer Sale
2022-08-19,Summer Sale
2022-08-20,Summer Sale
2022-08-21,Summer Sale
2022-08-22,Summer Sale
2022-08-23,Summer Sale
2022-08-24,Summer Sale
2022-08-25,Summer Sale
2022-08-20,Summer Sale
2022-08-21,Summer Sale
2022-08-22,Summer Sale
2022-08-23,Summer Sale
2022-08-24,Summer Sale
2022-08-25,Summer Sale
2022-08-26,Summer Sale
2022-08-21,Summer Sale
2022-08-22,Summer Sale
2022-08-23,Summer Sale
2022-08-24,Summer Sale
2022-08-25,Summer Sale
2022-08-26,Summer Sale
2022-08-27,Summer Sale
2022-08-22,Summer Sale
2022-08-23,Summer Sale
2022-08-24,Summer Sale
2022-08-25,Summer Sale
2022-08-26,Summer Sale
2022-08-27,Summer Sale
2022-08-28,Summer Sale
2022-08-23,Summer Sale
2022-08-24,Summer Sale
2022-08-25,Summer Sale
2022-08-26,Summer Sale
2022-08-27,Summer Sale
2022-08-28,Summer Sale
2022-08-29,Summer Sale
2022-08-24,Summer Sale
2022-08-25,Summer Sale
2022-08-26,Summer Sale
2022-08-27,Summer Sale
2022-08-28,Summer Sale
2022-08-29,Summer Sale
2022-08-30,Summer Sale
2022-08-25,Summer Sale
2022-08-26,Summer Sale
2022-08-27,Summer Sale
2022-08-28,Summer Sale
2022-08-29,Summer Sale
2022-08-30,Summer Sale
2022-08-31,Summer Sale
2022-08-26,Summer Sale
2022-08-27,Summer Sale
2022-08-28,Summer Sale
2022-08-29,Summer Sale
2022-08-30,Summer Sale
2022-08-31,Summer Sale
2022-09-01,Summer Sale
2022-08-27,Summer Sale
2022-08-28,Summer Sale
2022-08-29,Summer Sale
2022-08-30,Summer Sale
2022-08-31,Summer Sale
2022-09-01,Summer Sale
2022-09-02,Summer Sale
2022-08-28,Summer Sale
2022-08-29,Summer Sale
2022-08-30,Summer Sale
2022-08-31,Summer Sale
2022-09-01,Summer Sale
2022-09-02,Summer Sale
2022-09-03,Summer Sale
2022-08-29,Summer Sale
2022-08-30,Summer Sale
2022-08-31,Summer Sale
2022-09-01,Summer Sale
2022-09-02,Summer Sale
2022-09-03,Summer Sale
2022-09-04,Summer Sale
2022-08-30,Summer Sale
2022-08-31,Summer Sale
2022-09-01,Summer Sale
2022-09-02,Summer Sale
2022-09-03,Summer Sale
2022-09-04,Summer Sale
2022-09-05,Summer Sale
2022-08-31,Summer Sale
2022-09-01,Summer Sale
2022-09-02,Summer Sale
2022-09-03,Summer Sale
2022-09-04,Summer Sale
2022-09-05,Summer Sale
2022-09-06,Summer Sale
2022-11-01,Black Friday
2022-11-02,Black Friday
2022-11-03,Black Friday
2022-11-04,Black Friday
2022-11-05,Black Friday
2022-11-06,Black Friday
2022-11-07,Black Friday
2022-11-08,Black Friday
2022-11-09,Black Friday
2022-11-10,Black Friday
2022-11-11,Black Friday
2022-11-12,Black Friday
2022-11-13,Black Friday
2022-11-14,Black Friday
2022-11-15,Black Friday
2022-11-16,Black Friday
2022-11-17,Black Friday
2022-11-18,Black Friday
2022-11-19,Black Friday
2022-11-20,Black Friday
2022-11-21,Black Friday
2022-11-22,Black Friday
2022-11-23,Black Friday
2022-11-24,Black Friday
2022-11-25,Black Friday
2022-11-26,Black Friday
2022-11-27,Black Friday
2022-11-28,Black Friday
2022-11-29,Black Friday
2022-11-30,Black Friday
2022-12-01,Christmas
2022-12-02,Christmas
2022-12-03,Christmas
2022-12-04,Christmas
2022-12-05,Christmas
2022-12-06,Christmas
2022-12-07,Christmas
2022-12-08,Christmas
2022-12-09,Christmas
2022-12-10,Christmas
2022-12-11,Christmas
2022-12-12,Christmas
2022-12-13,Christmas
2022-12-14,Christmas
2022-12-15,Christmas
2022-12-16,Christmas
2022-12-17,Christmas
2022-12-18,Christmas
2022-12-19,Christmas
2022-12-20,Christmas
2022-12-21,Christmas
2022-12-22,Christmas
2022-12-23,Christmas
2022-12-24,Christmas
2022-12-25,Christmas
2022-12-26,Christmas
2022-12-27,Christmas
2022-12-28,Christmas
2022-12-29,Christmas
2022-12-30,Christmas
2022-12-31,Christmas
2023-01-01,New Year's Day
2023-01-01,Winter Sale
2023-01-02,Winter Sale
2023-01-03,Winter Sale
2023-01-04,Winter Sale
2023-01-05,Winter Sale
2023-01-06,Winter Sale
2023-01-07,Winter Sale
2023-01-02,New Year's Day
2023-01-02,Winter Sale
2023-01-03,Winter Sale
2023-01-04,Winter Sale
2023-01-05,Winter Sale
2023-01-06,Winter Sale
2023-01-07,Winter Sale
2023-01-08,Winter Sale
2023-01-03,New Year's Day
2023-01-03,Winter Sale
2023-01-04,Winter Sale
2023-01-05,Winter Sale
2023-01-06,Winter Sale
2023-01-07,Winter Sale
2023-01-08,Winter Sale
2023-01-09,Winter Sale
2023-01-04,New Year's Day
2023-01-04,Winter Sale
2023-01-05,Winter Sale
2023-01-06,Winter Sale
2023-01-07,Winter Sale
2023-01-08,Winter Sale
2023-01-09,Winter Sale
2023-01-10,Winter Sale
2023-01-05,New Year's Day
2023-01-05,Winter Sale
2023-01-06,Winter Sale
2023-01-07,Winter Sale
2023-01-08,Winter Sale
2023-01-09,Winter Sale
2023-01-10,Winter Sale
2023-01-11,Winter Sale
2023-01-06,New Year's Day
2023-01-06,Winter Sale
2023-01-07,Winter Sale
2023-01-08,Winter Sale
2023-01-09,Winter Sale
2023-01-10,Winter Sale
2023-01-11,Winter Sale
2023-01-12,Winter Sale
2023-01-07,New Year's Day
2023-01-07,Winter Sale
2023-01-08,Winter Sale
2023-01-09,Winter Sale
2023-01-10,Winter Sale
2023-01-11,Winter Sale
2023-01-12,Winter Sale
2023-01-13,Winter Sale
2023-01-08,New Year's Day
2023-01-08,Winter Sale
2023-01-09,Winter Sale
2023-01-10,Winter Sale
2023-01-11,Winter Sale
2023-01-12,Winter Sale
2023-01-13,Winter Sale
2023-01-14,Winter Sale
2023-01-09,New Year's Day
2023-01-09,Winter Sale
2023-01-10,Winter Sale
2023-01-11,Winter Sale
2023-01-12,Winter Sale
2023-01-13,Winter Sale
2023-01-14,Winter Sale
2023-01-15,Winter Sale
2023-01-10,New Year's Day
2023-01-10,Winter Sale
2023-01-11,Winter Sale
2023-01-12,Winter Sale
2023-01-13,Winter Sale
2023-01-14,Winter Sale
2023-01-15,Winter Sale
2023-01-16,Winter Sale
2023-01-11,New Year's Day
2023-01-11,Winter Sale
2023-01-12,Winter Sale
2023-01-13,Winter Sale
2023-01-14,Winter Sale
2023-01-15,Winter Sale
2023-01-16,Winter Sale
2023-01-17,Winter Sale
2023-01-12,New Year's Day
2023-01-12,Winter Sale
2023-01-13,Winter Sale
2023-01-14,Winter Sale
2023-01-15,Winter Sale
2023-01-16,Winter Sale
2023-01-17,Winter Sale
2023-01-18,Winter Sale
2023-01-13,New Year's Day
2023-01-13,Winter Sale
2023-01-14,Winter Sale
2023-01-15,Winter Sale
2023-01-16,Winter Sale
2023-01-17,Winter Sale
2023-01-18,Winter Sale
2023-01-19,Winter Sale
2023-01-14,New Year's Day
2023-01-14,Winter Sale
2023-01-15,Winter Sale
2023-01-16,Winter Sale
2023-01-17,Winter Sale
2023-01-18,Winter Sale
2023-01-19,Winter Sale
2023-01-20,Winter Sale
2023-01-15,New Year's Day
2023-01-15,Winter Sale
2023-01-16,Winter Sale
2023-01-17,Winter Sale
2023-01-18,Winter Sale
2023-01-19,Winter Sale
2023-01-20,Winter Sale
2023-01-21,Winter Sale
2023-01-16,New Year's Day
2023-01-16,Winter Sale
2023-01-17,Winter Sale
2023-01-18,Winter Sale
2023-01-19,Winter Sale
2023-01-20,Winter Sale
2023-01-21,Winter Sale
2023-01-22,Winter Sale
2023-01-17,New Year's Day
2023-01-17,Winter Sale
2023-01-18,Winter Sale
2023-01-19,Winter Sale
2023-01-20,Winter Sale
2023-01-21,Winter Sale
2023-01-22,Winter Sale
2023-01-23,Winter Sale
2023-01-18,New Year's Day
2023-01-18,Winter Sale
2023-01-19,Winter Sale
2023-01-20,Winter Sale
2023-01-21,Winter Sale
2023-01-22,Winter Sale
2023-01-23,Winter Sale
2023-01-24,Winter Sale
2023-01-19,New Year's Day
2023-01-19,Winter Sale
2023-01-20,Winter Sale
2023-01-21,Winter Sale
2023-01-22,Winter Sale
2023-01-23,Winter Sale
2023-01-24,Winter Sale
2023-01-25,Winter Sale
2023-01-20,New Year's Day
2023-01-20,Winter Sale
2023-01-21,Winter Sale
2023-01-22,Winter Sale
2023-01-23,Winter Sale
2023-01-24,Winter Sale
2023-01-25,Winter Sale
2023-01-26,Winter Sale
2023-01-21,New Year's Day
2023-01-21,Winter Sale
2023-01-22,Winter Sale
2023-01-23,Winter Sale
2023-01-24,Winter Sale
2023-01-25,Winter Sale
2023-01-26,Winter Sale
2023-01-27,Winter Sale
2023-01-22,New Year's Day
2023-01-22,Winter Sale
2023-01-23,Winter Sale
2023-01-24,Winter Sale
2023-01-25,Winter Sale
2023-01-26,Winter Sale
2023-01-27,Winter Sale
2023-01-28,Winter Sale
2023-01-23,New Year's Day
2023-01-23,Winter Sale
2023-01-24,Winter Sale
2023-01-25,Winter Sale
2023-01-26,Winter Sale
2023-01-27,Winter Sale
2023-01-28,Winter Sale
2023-01-29,Winter Sale
2023-01-24,New Year's Day
2023-01-24,Winter Sale
2023-01-25,Winter Sale
2023-01-26,Winter Sale
2023-01-27,Winter Sale
2023-01-28,Winter Sale
2023-01-29,Winter Sale
2023-01-30,Winter Sale
2023-01-25,New Year's Day
2023-01-25,Winter Sale
2023-01-26,Winter Sale
2023-01-27,Winter Sale
2023-01-28,Winter Sale
2023-01-29,Winter Sale
2023-01-30,Winter Sale
2023-01-31,Winter Sale
2023-01-26,New Year's Day
2023-01-26,Winter Sale
2023-01-27,Winter Sale
2023-01-28,Winter Sale
2023-01-29,Winter Sale
2023-01-30,Winter Sale
2023-01-31,Winter Sale
2023-02-01,Winter Sale
2023-01-27,New Year's Day
2023-01-27,Winter Sale
2023-01-28,Winter Sale
2023-01-29,Winter Sale
2023-01-30,Winter Sale
2023-01-31,Winter Sale
2023-02-01,Winter Sale
2023-02-02,Winter Sale
2023-01-28,New Year's Day
2023-01-28,Winter Sale
2023-01-29,Winter Sale
2023-01-30,Winter Sale
2023-01-31,Winter Sale
2023-02-01,Winter Sale
2023-02-02,Winter Sale
2023-02-03,Winter Sale
2023-01-29,New Year's Day
2023-01-29,Winter Sale
2023-01-30,Winter Sale
2023-01-31,Winter Sale
2023-02-01,Winter Sale
2023-02-02,Winter Sale
2023-02-03,Winter Sale
2023-02-04,Winter Sale
2023-01-30,New Year's Day
2023-01-30,Winter Sale
2023-01-31,Winter Sale
2023-02-01,Winter Sale
2023-02-02,Winter Sale
2023-02-03,Winter Sale
2023-02-04,Winter Sale
2023-02-05,Winter Sale
2023-01-31,New Year's Day
2023-01-31,Winter Sale
2023-02-01,Winter Sale
2023-02-02,Winter Sale
2023-02-03,Winter Sale
2023-02-04,Winter Sale
2023-02-05,Winter Sale
2023-02-06,Winter Sale
2023-02-01,Valentine's Day
2023-02-01,Winter Sale
2023-02-02,Winter Sale
2023-02-03,Winter Sale
2023-02-04,Winter Sale
2023-02-05,Winter Sale
2023-02-06,Winter Sale
2023-02-07,Winter Sale
2023-02-02,Valentine's Day
2023-02-02,Winter Sale
2023-02-03,Winter Sale
2023-02-04,Winter Sale
2023-02-05,Winter Sale
2023-02-06,Winter Sale
2023-02-07,Winter Sale
2023-02-08,Winter Sale
2023-02-03,Valentine's Day
2023-02-03,Winter Sale
2023-02-04,Winter Sale
2023-02-05,Winter Sale
2023-02-06,Winter Sale
2023-02-07,Winter Sale
2023-02-08,Winter Sale
2023-02-09,Winter Sale
2023-02-04,Valentine's Day
2023-02-04,Winter Sale
2023-02-05,Winter Sale
2023-02-06,Winter Sale
2023-02-07,Winter Sale
2023-02-08,Winter Sale
2023-02-09,Winter Sale
2023-02-10,Winter Sale
2023-02-05,Valentine's Day
2023-02-05,Winter Sale
2023-02-06,Winter Sale
2023-02-07,Winter Sale
2023-02-08,Winter Sale
2023-02-09,Winter Sale
2023-02-10,Winter Sale
2023-02-11,Winter Sale
2023-02-06,Valentine's Day
2023-02-06,Winter Sale
2023-02-07,Winter Sale
2023-02-08,Winter Sale
2023-02-09,Winter Sale
2023-02-10,Winter Sale
2023-02-11,Winter Sale
2023-02-12,Winter Sale
2023-02-07,Valentine's Day
2023-02-07,Winter Sale
2023-02-08,Winter Sale
2023-02-09,Winter Sale
2023-02-10,Winter Sale
2023-02-11,Winter Sale
2023-02-12,Winter Sale
2023-02-13,Winter Sale
2023-02-08,Valentine's Day
2023-02-08,Winter Sale
2023-02-09,Winter Sale
2023-02-10,Winter Sale
2023-02-11,Winter Sale
2023-02-12,Winter Sale
2023-02-13,Winter Sale
2023-02-14,Winter Sale
2023-02-09,Valentine's Day
2023-02-09,Winter Sale
2023-02-10,Winter Sale
2023-02-11,Winter Sale
2023-02-12,Winter Sale
2023-02-13,Winter Sale
2023-02-14,Winter Sale
2023-02-15,Winter Sale
2023-02-10,Valentine's Day
2023-02-10,Winter Sale
2023-02-11,Winter Sale
2023-02-12,Winter Sale
2023-02-13,Winter Sale
2023-02-14,Winter Sale
2023-02-15,Winter Sale
2023-02-16,Winter Sale
2023-02-11,Valentine's Day
2023-02-11,Winter Sale
2023-02-12,Winter Sale
2023-02-13,Winter Sale
2023-02-14,Winter Sale
2023-02-15,Winter Sale
2023-02-16,Winter Sale
2023-02-17,Winter Sale
2023-02-12,Valentine's Day
2023-02-12,Winter Sale
2023-02-13,Winter Sale
2023-02-14,Winter Sale
2023-02-15,Winter Sale
2023-02-16,Winter Sale
2023-02-17,Winter Sale
2023-02-18,Winter Sale
2023-02-13,Valentine's Day
2023-02-13,Winter Sale
2023-02-14,Winter Sale
2023-02-15,Winter Sale
2023-02-16,Winter Sale
2023-02-17,Winter Sale
2023-02-18,Winter Sale
2023-02-19,Winter Sale
2023-02-14,Valentine's Day
2023-02-14,Winter Sale
2023-02-15,Winter Sale
2023-02-16,Winter Sale
2023-02-17,Winter Sale
2023-02-18,Winter Sale
2023-02-19,Winter Sale
2023-02-20,Winter Sale
2023-02-15,Valentine's Day
2023-02-15,Winter Sale
2023-02-16,Winter Sale
2023-02-17,Winter Sale
2023-02-18,Winter Sale
2023-02-19,Winter Sale
2023-02-20,Winter Sale
2023-02-21,Winter Sale
2023-02-16,Valentine's Day
2023-02-16,Winter Sale
2023-02-17,Winter Sale
2023-02-18,Winter Sale
2023-02-19,Winter Sale
2023-02-20,Winter Sale
2023-02-21,Winter Sale
2023-02-22,Winter Sale
2023-02-17,Valentine's Day
2023-02-17,Winter Sale
2023-02-18,Winter Sale
2023-02-19,Winter Sale
2023-02-20,Winter Sale
2023-02-21,Winter Sale
2023-02-22,Winter Sale
2023-02-23,Winter Sale
2023-02-18,Valentine's Day
2023-02-18,Winter Sale
2023-02-19,Winter Sale
2023-02-20,Winter Sale
2023-02-21,Winter Sale
2023-02-22,Winter Sale
2023-02-23,Winter Sale
2023-02-24,Winter Sale
2023-02-19,Valentine's Day
2023-02-19,Winter Sale
2023-02-20,Winter Sale
2023-02-21,Winter Sale
2023-02-22,Winter Sale
2023-02-23,Winter Sale
2023-02-24,Winter Sale
2023-02-25,Winter Sale
2023-02-20,Valentine's Day
2023-02-20,Winter Sale
2023-02-21,Winter Sale
2023-02-22,Winter Sale
2023-02-23,Winter Sale
2023-02-24,Winter Sale
2023-02-25,Winter Sale
2023-02-26,Winter Sale
2023-02-21,Valentine's Day
2023-02-21,Winter Sale
2023-02-22,Winter Sale
2023-02-23,Winter Sale
2023-02-24,Winter Sale
2023-02-25,Winter Sale
2023-02-26,Winter Sale
2023-02-27,Winter Sale
2023-02-22,Valentine's Day
2023-02-22,Winter Sale
2023-02-23,Winter Sale
2023-02-24,Winter Sale
2023-02-25,Winter Sale
2023-02-26,Winter Sale
2023-02-27,Winter Sale
2023-02-28,Winter Sale
2023-02-23,Valentine's Day
2023-02-23,Winter Sale
2023-02-24,Winter Sale
2023-02-25,Winter Sale
2023-02-26,Winter Sale
2023-02-27,Winter Sale
2023-02-28,Winter Sale
2023-03-01,Winter Sale
2023-02-24,Valentine's Day
2023-02-24,Winter Sale
2023-02-25,Winter Sale
2023-02-26,Winter Sale
2023-02-27,Winter Sale
2023-02-28,Winter Sale
2023-03-01,Winter Sale
2023-03-02,Winter Sale
2023-02-25,Valentine's Day
2023-02-25,Winter Sale
2023-02-26,Winter Sale
2023-02-27,Winter Sale
2023-02-28,Winter Sale
2023-03-01,Winter Sale
2023-03-02,Winter Sale
2023-03-03,Winter Sale
2023-02-26,Valentine's Day
2023-02-26,Winter Sale
2023-02-27,Winter Sale
2023-02-28,Winter Sale
2023-03-01,Winter Sale
2023-03-02,Winter Sale
2023-03-03,Winter Sale
2023-03-04,Winter Sale
2023-02-27,Valentine's Day
2023-02-27,Winter Sale
2023-02-28,Winter Sale
2023-03-01,Winter Sale
2023-03-02,Winter Sale
2023-03-03,Winter Sale
2023-03-04,Winter Sale
2023-03-05,Winter Sale
2023-02-28,Valentine's Day
2023-02-28,Winter Sale
2023-03-01,Winter Sale
2023-03-02,Winter Sale
2023-03-03,Winter Sale
2023-03-04,Winter Sale
2023-03-05,Winter Sale
2023-03-06,Winter Sale
2023-04-01,Easter
2023-04-02,Easter
2023-04-03,Easter
2023-04-04,Easter
2023-04-05,Easter
2023-04-06,Easter
2023-04-07,Easter
2023-04-08,Easter
2023-04-09,Easter
2023-04-10,Easter
2023-04-11,Easter
2023-04-12,Easter
2023-04-13,Easter
2023-04-14,Easter
2023-04-15,Easter
2023-04-16,Easter
2023-04-17,Easter
2023-04-18,Easter
2023-04-19,Easter
2023-04-20,Easter
2023-04-21,Easter
2023-04-22,Easter
2023-04-23,Easter
2023-04-24,Easter
2023-04-25,Easter
2023-04-26,Easter
2023-04-27,Easter
2023-04-28,Easter
2023-04-29,Easter
2023-04-30,Easter
2023-05-01,Mother's Day
2023-05-02,Mother's Day
2023-05-03,Mother's Day
2023-05-04,Mother's Day
2023-05-05,Mother's Day
2023-05-06,Mother's Day
2023-05-07,Mother's Day
2023-05-08,Mother's Day
2023-05-09,Mother's Day
2023-05-10,Mother's Day
2023-05-11,Mother's Day
2023-05-12,Mother's Day
2023-05-13,Mother's Day
2023-05-14,Mother's Day
2023-05-15,Mother's Day
2023-05-16,Mother's Day
2023-05-17,Mother's Day
2023-05-18,Mother's Day
2023-05-19,Mother's Day
2023-05-20,Mother's Day
2023-05-21,Mother's Day
2023-05-22,Mother's Day
2023-05-23,Mother's Day
2023-05-24,Mother's Day
2023-05-25,Mother's Day
2023-05-26,Mother's Day
2023-05-27,Mother's Day
2023-05-28,Mother's Day
2023-05-29,Mother's Day
2023-05-30,Mother's Day
2023-05-31,Mother's Day
2023-06-01,Father's Day
2023-06-01,Summer Sale
2023-06-02,Summer Sale
2023-06-03,Summer Sale
2023-06-04,Summer Sale
2023-06-05,Summer Sale
2023-06-06,Summer Sale
2023-06-07,Summer Sale
2023-06-02,Father's Day
2023-06-02,Summer Sale
2023-06-03,Summer Sale
2023-06-04,Summer Sale
2023-06-05,Summer Sale
2023-06-06,Summer Sale
2023-06-07,Summer Sale
2023-06-08,Summer Sale
2023-06-03,Father's Day
2023-06-03,Summer Sale
2023-06-04,Summer Sale
2023-06-05,Summer Sale
2023-06-06,Summer Sale
2023-06-07,Summer Sale
2023-06-08,Summer Sale
2023-06-09,Summer Sale
2023-06-04,Father's Day
2023-06-04,Summer Sale
2023-06-05,Summer Sale
2023-06-06,Summer Sale
2023-06-07,Summer Sale
2023-06-08,Summer Sale
2023-06-09,Summer Sale
2023-06-10,Summer Sale
2023-06-05,Father's Day
2023-06-05,Summer Sale
2023-06-06,Summer Sale
2023-06-07,Summer Sale
2023-06-08,Summer Sale
2023-06-09,Summer Sale
2023-06-10,Summer Sale
2023-06-11,Summer Sale
2023-06-06,Father's Day
2023-06-06,Summer Sale
2023-06-07,Summer Sale
2023-06-08,Summer Sale
2023-06-09,Summer Sale
2023-06-10,Summer Sale
2023-06-11,Summer Sale
2023-06-12,Summer Sale
2023-06-07,Father's Day
2023-06-07,Summer Sale
2023-06-08,Summer Sale
2023-06-09,Summer Sale
2023-06-10,Summer Sale
2023-06-11,Summer Sale
2023-06-12,Summer Sale
2023-06-13,Summer Sale
2023-06-08,Father's Day
2023-06-08,Summer Sale
2023-06-09,Summer Sale
2023-06-10,Summer Sale
2023-06-11,Summer Sale
2023-06-12,Summer Sale
2023-06-13,Summer Sale
2023-06-14,Summer Sale
2023-06-09,Father's Day
2023-06-09,Summer Sale
2023-06-10,Summer Sale
2023-06-11,Summer Sale
2023-06-12,Summer Sale
2023-06-13,Summer Sale
2023-06-14,Summer Sale
2023-06-15,Summer Sale
2023-06-10,Father's Day
2023-06-10,Summer Sale
2023-06-11,Summer Sale
2023-06-12,Summer Sale
2023-06-13,Summer Sale
2023-06-14,Summer Sale
2023-06-15,Summer Sale
2023-06-16,Summer Sale
2023-06-11,Father's Day
2023-06-11,Summer Sale
2023-06-12,Summer Sale
2023-06-13,Summer Sale
2023-06-14,Summer Sale
2023-06-15,Summer Sale
2023-06-16,Summer Sale
2023-06-17,Summer Sale
2023-06-12,Father's Day
2023-06-12,Summer Sale
2023-06-13,Summer Sale
2023-06-14,Summer Sale
2023-06-15,Summer Sale
2023-06-16,Summer Sale
2023-06-17,Summer Sale
2023-06-18,Summer Sale
2023-06-13,Father's Day
2023-06-13,Summer Sale
2023-06-14,Summer Sale
2023-06-15,Summer Sale
2023-06-16,Summer Sale
2023-06-17,Summer Sale
2023-06-18,Summer Sale
2023-06-19,Summer Sale
2023-06-14,Father's Day
2023-06-14,Summer Sale
2023-06-15,Summer Sale
2023-06-16,Summer Sale
2023-06-17,Summer Sale
2023-06-18,Summer Sale
2023-06-19,Summer Sale
2023-06-20,Summer Sale
2023-06-15,Father's Day
2023-06-15,Summer Sale
2023-06-16,Summer Sale
2023-06-17,Summer Sale
2023-06-18,Summer Sale
2023-06-19,Summer Sale
2023-06-20,Summer Sale
2023-06-21,Summer Sale
2023-06-16,Father's Day
2023-06-16,Summer Sale
2023-06-17,Summer Sale
2023-06-18,Summer Sale
2023-06-19,Summer Sale
2023-06-20,Summer Sale
2023-06-21,Summer Sale
2023-06-22,Summer Sale
2023-06-17,Father's Day
2023-06-17,Summer Sale
2023-06-18,Summer Sale
2023-06-19,Summer Sale
2023-06-20,Summer Sale
2023-06-21,Summer Sale
2023-06-22,Summer Sale
2023-06-23,Summer Sale
2023-06-18,Father's Day
2023-06-18,Summer Sale
2023-06-19,Summer Sale
2023-06-20,Summer Sale
2023-06-21,Summer Sale
2023-06-22,Summer Sale
2023-06-23,Summer Sale
2023-06-24,Summer Sale
2023-06-19,Father's Day
2023-06-19,Summer Sale
2023-06-20,Summer Sale
2023-06-21,Summer Sale
2023-06-22,Summer Sale
2023-06-23,Summer Sale
2023-06-24,Summer Sale
2023-06-25,Summer Sale
2023-06-20,Father's Day
2023-06-20,Summer Sale
2023-06-21,Summer Sale
2023-06-22,Summer Sale
2023-06-23,Summer Sale
2023-06-24,Summer Sale
2023-06-25,Summer Sale
2023-06-26,Summer Sale
2023-06-21,Father's Day
2023-06-21,Summer Sale
2023-06-22,Summer Sale
2023-06-23,Summer Sale
2023-06-24,Summer Sale
2023-06-25,Summer Sale
2023-06-26,Summer Sale
2023-06-27,Summer Sale
2023-06-22,Father's Day
2023-06-22,Summer Sale
2023-06-23,Summer Sale
2023-06-24,Summer Sale
2023-06-25,Summer Sale
2023-06-26,Summer Sale
2023-06-27,Summer Sale
2023-06-28,Summer Sale
2023-06-23,Father's Day
2023-06-23,Summer Sale
2023-06-24,Summer Sale
2023-06-25,Summer Sale
2023-06-26,Summer Sale
2023-06-27,Summer Sale
2023-06-28,Summer Sale
2023-06-29,Summer Sale
2023-06-24,Father's Day
2023-06-24,Summer Sale
2023-06-25,Summer Sale
2023-06-26,Summer Sale
2023-06-27,Summer Sale
2023-06-28,Summer Sale
2023-06-29,Summer Sale
2023-06-30,Summer Sale
2023-06-25,Father's Day
2023-06-25,Summer Sale
2023-06-26,Summer Sale
2023-06-27,Summer Sale
2023-06-28,Summer Sale
2023-06-29,Summer Sale
2023-06-30,Summer Sale
2023-07-01,Summer Sale
2023-06-26,Father's Day
2023-06-26,Summer Sale
2023-06-27,Summer Sale
2023-06-28,Summer Sale
2023-06-29,Summer Sale
2023-06-30,Summer Sale
2023-07-01,Summer Sale
2023-07-02,Summer Sale
2023-06-27,Father's Day
2023-06-27,Summer Sale
2023-06-28,Summer Sale
2023-06-29,Summer Sale
2023-06-30,Summer Sale
2023-07-01,Summer Sale
2023-07-02,Summer Sale
2023-07-03,Summer Sale
2023-06-28,Father's Day
2023-06-28,Summer Sale
2023-06-29,Summer Sale
2023-06-30,Summer Sale
2023-07-01,Summer Sale
2023-07-02,Summer Sale
2023-07-03,Summer Sale
2023-07-04,Summer Sale
2023-06-29,Father's Day
2023-06-29,Summer Sale
2023-06-30,Summer Sale
2023-07-01,Summer Sale
2023-07-02,Summer Sale
2023-07-03,Summer Sale
2023-07-04,Summer Sale
2023-07-05,Summer Sale
2023-06-30,Father's Day
2023-06-30,Summer Sale
2023-07-01,Summer Sale
2023-07-02,Summer Sale
2023-07-03,Summer Sale
2023-07-04,Summer Sale
2023-07-05,Summer Sale
2023-07-06,Summer Sale
2023-07-01,Independence Day
2023-07-01,Summer Sale
2023-07-02,Summer Sale
2023-07-03,Summer Sale
2023-07-04,Summer Sale
2023-07-05,Summer Sale
2023-07-06,Summer Sale
2023-07-07,Summer Sale
2023-07-02,Independence Day
2023-07-02,Summer Sale
2023-07-03,Summer Sale
2023-07-04,Summer Sale
2023-07-05,Summer Sale
2023-07-06,Summer Sale
2023-07-07,Summer Sale
2023-07-08,Summer Sale
2023-07-03,Independence Day
2023-07-03,Summer Sale
2023-07-04,Summer Sale
2023-07-05,Summer Sale
2023-07-06,Summer Sale
2023-07-07,Summer Sale
2023-07-08,Summer Sale
2023-07-09,Summer Sale
2023-07-04,Independence Day
2023-07-04,Summer Sale
2023-07-05,Summer Sale
2023-07-06,Summer Sale
2023-07-07,Summer Sale
2023-07-08,Summer Sale
2023-07-09,Summer Sale
2023-07-10,Summer Sale
2023-07-05,Independence Day
2023-07-05,Summer Sale
2023-07-06,Summer Sale
2023-07-07,Summer Sale
2023-07-08,Summer Sale
2023-07-09,Summer Sale
2023-07-10,Summer Sale
2023-07-11,Summer Sale
2023-07-06,Independence Day
2023-07-06,Summer Sale
2023-07-07,Summer Sale
2023-07-08,Summer Sale
2023-07-09,Summer Sale
2023-07-10,Summer Sale
2023-07-11,Summer Sale
2023-07-12,Summer Sale
2023-07-07,Independence Day
2023-07-07,Summer Sale
2023-07-08,Summer Sale
2023-07-09,Summer Sale
2023-07-10,Summer Sale
2023-07-11,Summer Sale
2023-07-12,Summer Sale
2023-07-13,Summer Sale
2023-07-08,Independence Day
2023-07-08,Summer Sale
2023-07-09,Summer Sale
2023-07-10,Summer Sale
2023-07-11,Summer Sale
2023-07-12,Summer Sale
2023-07-13,Summer Sale
2023-07-14,Summer Sale
2023-07-09,Independence Day
2023-07-09,Summer Sale
2023-07-10,Summer Sale
2023-07-11,Summer Sale
2023-07-12,Summer Sale
2023-07-13,Summer Sale
2023-07-14,Summer Sale
2023-07-15,Summer Sale
2023-07-10,Independence Day
2023-07-10,Summer Sale
2023-07-11,Summer Sale
2023-07-12,Summer Sale
2023-07-13,Summer Sale
2023-07-14,Summer Sale
2023-07-15,Summer Sale
2023-07-16,Summer Sale
2023-07-11,Independence Day
2023-07-11,Summer Sale
2023-07-12,Summer Sale
2023-07-13,Summer Sale
2023-07-14,Summer Sale
2023-07-15,Summer Sale
2023-07-16,Summer Sale
2023-07-17,Summer Sale
2023-07-12,Independence Day
2023-07-12,Summer Sale
2023-07-13,Summer Sale
2023-07-14,Summer Sale
2023-07-15,Summer Sale
2023-07-16,Summer Sale
2023-07-17,Summer Sale
2023-07-18,Summer Sale
2023-07-13,Independence Day
2023-07-13,Summer Sale
2023-07-14,Summer Sale
2023-07-15,Summer Sale
2023-07-16,Summer Sale
2023-07-17,Summer Sale
2023-07-18,Summer Sale
2023-07-19,Summer Sale
2023-07-14,Independence Day
2023-07-14,Summer Sale
2023-07-15,Summer Sale
2023-07-16,Summer Sale
2023-07-17,Summer Sale
2023-07-18,Summer Sale
2023-07-19,Summer Sale
2023-07-20,Summer Sale
2023-07-15,Independence Day
2023-07-15,Summer Sale
2023-07-16,Summer Sale
2023-07-17,Summer Sale
2023-07-18,Summer Sale
2023-07-19,Summer Sale
2023-07-20,Summer Sale
2023-07-21,Summer Sale
2023-07-16,Independence Day
2023-07-16,Summer Sale
2023-07-17,Summer Sale
2023-07-18,Summer Sale
2023-07-19,Summer Sale
2023-07-20,Summer Sale
2023-07-21,Summer Sale
2023-07-22,Summer Sale
2023-07-17,Independence Day
2023-07-17,Summer Sale
2023-07-18,Summer Sale
2023-07-19,Summer Sale
2023-07-20,Summer Sale
2023-07-21,Summer Sale
2023-07-22,Summer Sale
2023-07-23,Summer Sale
2023-07-18,Independence Day
2023-07-18,Summer Sale
2023-07-19,Summer Sale
2023-07-20,Summer Sale
2023-07-21,Summer Sale
2023-07-22,Summer Sale
2023-07-23,Summer Sale
2023-07-24,Summer Sale
2023-07-19,Independence Day
2023-07-19,Summer Sale
2023-07-20,Summer Sale
2023-07-21,Summer Sale
2023-07-22,Summer Sale
2023-07-23,Summer Sale
2023-07-24,Summer Sale
2023-07-25,Summer Sale
2023-07-20,Independence Day
2023-07-20,Summer Sale
2023-07-21,Summer Sale
2023-07-22,Summer Sale
2023-07-23,Summer Sale
2023-07-24,Summer Sale
2023-07-25,Summer Sale
2023-07-26,Summer Sale
2023-07-21,Independence Day
2023-07-21,Summer Sale
2023-07-22,Summer Sale
2023-07-23,Summer Sale
2023-07-24,Summer Sale
2023-07-25,Summer Sale
2023-07-26,Summer Sale
2023-07-27,Summer Sale
2023-07-22,Independence Day
2023-07-22,Summer Sale
2023-07-23,Summer Sale
2023-07-24,Summer Sale
2023-07-25,Summer Sale
2023-07-26,Summer Sale
2023-07-27,Summer Sale
2023-07-28,Summer Sale
2023-07-23,Independence Day
2023-07-23,Summer Sale
2023-07-24,Summer Sale
2023-07-25,Summer Sale
2023-07-26,Summer Sale
2023-07-27,Summer Sale
2023-07-28,Summer Sale
2023-07-29,Summer Sale
2023-07-24,Independence Day
2023-07-24,Summer Sale
2023-07-25,Summer Sale
2023-07-26,Summer Sale
2023-07-27,Summer Sale
2023-07-28,Summer Sale
2023-07-29,Summer Sale
2023-07-30,Summer Sale
2023-07-25,Independence Day
2023-07-25,Summer Sale
2023-07-26,Summer Sale
2023-07-27,Summer Sale
2023-07-28,Summer Sale
2023-07-29,Summer Sale
2023-07-30,Summer Sale
2023-07-31,Summer Sale
2023-07-26,Independence Day
2023-07-26,Summer Sale
2023-07-27,Summer Sale
2023-07-28,Summer Sale
2023-07-29,Summer Sale
2023-07-30,Summer Sale
2023-07-31,Summer Sale
2023-08-01,Summer Sale
2023-07-27,Independence Day
2023-07-27,Summer Sale
2023-07-28,Summer Sale
2023-07-29,Summer Sale
2023-07-30,Summer Sale
2023-07-31,Summer Sale
2023-08-01,Summer Sale
2023-08-02,Summer Sale
2023-07-28,Independence Day
2023-07-28,Summer Sale
2023-07-29,Summer Sale
2023-07-30,Summer Sale
2023-07-31,Summer Sale
2023-08-01,Summer Sale
2023-08-02,Summer Sale
2023-08-03,Summer Sale
2023-07-29,Independence Day
2023-07-29,Summer Sale
2023-07-30,Summer Sale
2023-07-31,Summer Sale
2023-08-01,Summer Sale
2023-08-02,Summer Sale
2023-08-03,Summer Sale
2023-08-04,Summer Sale
2023-07-30,Independence Day
2023-07-30,Summer Sale
2023-07-31,Summer Sale
2023-08-01,Summer Sale
2023-08-02,Summer Sale
2023-08-03,Summer Sale
2023-08-04,Summer Sale
2023-08-05,Summer Sale
2023-07-31,Independence Day
2023-07-31,Summer Sale
2023-08-01,Summer Sale
2023-08-02,Summer Sale
2023-08-03,Summer Sale
2023-08-04,Summer Sale
2023-08-05,Summer Sale
2023-08-06,Summer Sale
2023-08-01,Summer Sale
2023-08-02,Summer Sale
2023-08-03,Summer Sale
2023-08-04,Summer Sale
2023-08-05,Summer Sale
2023-08-06,Summer Sale
2023-08-07,Summer Sale
2023-08-02,Summer Sale
2023-08-03,Summer Sale
2023-08-04,Summer Sale
2023-08-05,Summer Sale
2023-08-06,Summer Sale
2023-08-07,Summer Sale
2023-08-08,Summer Sale
2023-08-03,Summer Sale
2023-08-04,Summer Sale
2023-08-05,Summer Sale
2023-08-06,Summer Sale
2023-08-07,Summer Sale
2023-08-08,Summer Sale
2023-08-09,Summer Sale
2023-08-04,Summer Sale
2023-08-05,Summer Sale
2023-08-06,Summer Sale
2023-08-07,Summer Sale
2023-08-08,Summer Sale
2023-08-09,Summer Sale
2023-08-10,Summer Sale
2023-08-05,Summer Sale
2023-08-06,Summer Sale
2023-08-07,Summer Sale
2023-08-08,Summer Sale
2023-08-09,Summer Sale
2023-08-10,Summer Sale
2023-08-11,Summer Sale
2023-08-06,Summer Sale
2023-08-07,Summer Sale
2023-08-08,Summer Sale
2023-08-09,Summer Sale
2023-08-10,Summer Sale
2023-08-11,Summer Sale
2023-08-12,Summer Sale
2023-08-07,Summer Sale
2023-08-08,Summer Sale
2023-08-09,Summer Sale
2023-08-10,Summer Sale
2023-08-11,Summer Sale
2023-08-12,Summer Sale
2023-08-13,Summer Sale
2023-08-08,Summer Sale
2023-08-09,Summer Sale
2023-08-10,Summer Sale
2023-08-11,Summer Sale
2023-08-12,Summer Sale
2023-08-13,Summer Sale
2023-08-14,Summer Sale
2023-08-09,Summer Sale
2023-08-10,Summer Sale
2023-08-11,Summer Sale
2023-08-12,Summer Sale
2023-08-13,Summer Sale
2023-08-14,Summer Sale
2023-08-15,Summer Sale
2023-08-10,Summer Sale
2023-08-11,Summer Sale
2023-08-12,Summer Sale
2023-08-13,Summer Sale
2023-08-14,Summer Sale
2023-08-15,Summer Sale
2023-08-16,Summer Sale
2023-08-11,Summer Sale
2023-08-12,Summer Sale
2023-08-13,Summer Sale
2023-08-14,Summer Sale
2023-08-15,Summer Sale
2023-08-16,Summer Sale
2023-08-17,Summer Sale
2023-08-12,Summer Sale
2023-08-13,Summer Sale
2023-08-14,Summer Sale
2023-08-15,Summer Sale
2023-08-16,Summer Sale
2023-08-17,Summer Sale
2023-08-18,Summer Sale
2023-08-13,Summer Sale
2023-08-14,Summer Sale
2023-08-15,Summer Sale
2023-08-16,Summer Sale
2023-08-17,Summer Sale
2023-08-18,Summer Sale
2023-08-19,Summer Sale
2023-08-14,Summer Sale
2023-08-15,Summer Sale
2023-08-16,Summer Sale
2023-08-17,Summer Sale
2023-08-18,Summer Sale
2023-08-19,Summer Sale
2023-08-20,Summer Sale
2023-08-15,Summer Sale
2023-08-16,Summer Sale
2023-08-17,Summer Sale
2023-08-18,Summer Sale
2023-08-19,Summer Sale
2023-08-20,Summer Sale
2023-08-21,Summer Sale
2023-08-16,Summer Sale
2023-08-17,Summer Sale
2023-08-18,Summer Sale
2023-08-19,Summer Sale
2023-08-20,Summer Sale
2023-08-21,Summer Sale
2023-08-22,Summer Sale
2023-08-17,Summer Sale
2023-08-18,Summer Sale
2023-08-19,Summer Sale
2023-08-20,Summer Sale
2023-08-21,Summer Sale
2023-08-22,Summer Sale
2023-08-23,Summer Sale
2023-08-18,Summer Sale
2023-08-19,Summer Sale
2023-08-20,Summer Sale
2023-08-21,Summer Sale
2023-08-22,Summer Sale
2023-08-23,Summer Sale
2023-08-24,Summer Sale
2023-08-19,Summer Sale
2023-08-20,Summer Sale
2023-08-21,Summer Sale
2023-08-22,Summer Sale
2023-08-23,Summer Sale
2023-08-24,Summer Sale
2023-08-25,Summer Sale
2023-08-20,Summer Sale
2023-08-21,Summer Sale
2023-08-22,Summer Sale
2023-08-23,Summer Sale
2023-08-24,Summer Sale
2023-08-25,Summer Sale
2023-08-26,Summer Sale
2023-08-21,Summer Sale
2023-08-22,Summer Sale
2023-08-23,Summer Sale
2023-08-24,Summer Sale
2023-08-25,Summer Sale
2023-08-26,Summer Sale
2023-08-27,Summer Sale
2023-08-22,Summer Sale
2023-08-23,Summer Sale
2023-08-24,Summer Sale
2023-08-25,Summer Sale
2023-08-26,Summer Sale
2023-08-27,Summer Sale
2023-08-28,Summer Sale
2023-08-23,Summer Sale
2023-08-24,Summer Sale
2023-08-25,Summer Sale
2023-08-26,Summer Sale
2023-08-27,Summer Sale
2023-08-28,Summer Sale
2023-08-29,Summer Sale
2023-08-24,Summer Sale
2023-08-25,Summer Sale
2023-08-26,Summer Sale
2023-08-27,Summer Sale
2023-08-28,Summer Sale
2023-08-29,Summer Sale
2023-08-30,Summer Sale
2023-08-25,Summer Sale
2023-08-26,Summer Sale
2023-08-27,Summer Sale
2023-08-28,Summer Sale
2023-08-29,Summer Sale
2023-08-30,Summer Sale
2023-08-31,Summer Sale
2023-08-26,Summer Sale
2023-08-27,Summer Sale
2023-08-28,Summer Sale
2023-08-29,Summer Sale
2023-08-30,Summer Sale
2023-08-31,Summer Sale
2023-09-01,Summer Sale
2023-08-27,Summer Sale
2023-08-28,Summer Sale
2023-08-29,Summer Sale
2023-08-30,Summer Sale
2023-08-31,Summer Sale
2023-09-01,Summer Sale
2023-09-02,Summer Sale
2023-08-28,Summer Sale
2023-08-29,Summer Sale
2023-08-30,Summer Sale
2023-08-31,Summer Sale
2023-09-01,Summer Sale
2023-09-02,Summer Sale
2023-09-03,Summer Sale
2023-08-29,Summer Sale
2023-08-30,Summer Sale
2023-08-31,Summer Sale
2023-09-01,Summer Sale
2023-09-02,Summer Sale
2023-09-03,Summer Sale
2023-09-04,Summer Sale
2023-08-30,Summer Sale
2023-08-31,Summer Sale
2023-09-01,Summer Sale
2023-09-02,Summer Sale
2023-09-03,Summer Sale
2023-09-04,Summer Sale
2023-09-05,Summer Sale
2023-08-31,Summer Sale
2023-09-01,Summer Sale
2023-09-02,Summer Sale
2023-09-03,Summer Sale
2023-09-04,Summer Sale
2023-09-05,Summer Sale
2023-09-06,Summer Sale
2023-11-01,Black Friday
2023-11-02,Black Friday
2023-11-03,Black Friday
2023-11-04,Black Friday
2023-11-05,Black Friday
2023-11-06,Black Friday
2023-11-07,Black Friday
2023-11-08,Black Friday
2023-11-09,Black Friday
2023-11-10,Black Friday
2023-11-11,Black Friday
2023-11-12,Black Friday
2023-11-13,Black Friday
2023-11-14,Black Friday
2023-11-15,Black Friday
2023-11-16,Black Friday
2023-11-17,Black Friday
2023-11-18,Black Friday
2023-11-19,Black Friday
2023-11-20,Black Friday
2023-11-21,Black Friday
2023-11-22,Black Friday
2023-11-23,Black Friday
2023-11-24,Black Friday
2023-11-25,Black Friday
2023-11-26,Black Friday
2023-11-27,Black Friday
2023-11-28,Black Friday
2023-11-29,Black Friday
2023-11-30,Black Friday
2023-12-01,Christmas
2023-12-02,Christmas
2023-12-03,Christmas
2023-12-04,Christmas
2023-12-05,Christmas
2023-12-06,Christmas
2023-12-07,Christmas
2023-12-08,Christmas
2023-12-09,Christmas
2023-12-10,Christmas
2023-12-11,Christmas
2023-12-12,Christmas
2023-12-13,Christmas
2023-12-14,Christmas
2023-12-15,Christmas
2023-12-16,Christmas
2023-12-17,Christmas
2023-12-18,Christmas
2023-12-19,Christmas
2023-12-20,Christmas
2023-12-21,Christmas
2023-12-22,Christmas
2023-12-23,Christmas
2023-12-24,Christmas
2023-12-25,Christmas
2023-12-26,Christmas
2023-12-27,Christmas
2023-12-28,Christmas
2023-12-29,Christmas
2023-12-30,Christmas
2023-12-31,Christmas
